,Date,Source,Text
0,2021-08-06 10:13:24.258615,Google新聞-韓劇,"Google 新聞 - 搜尋新聞Google 帳戶搜尋地圖YouTubePlay新聞GmailMeetChat聯絡人雲端硬碟日曆翻譯相片DuoChrome文件試算表簡報圖書BloggerHangoutsKeepJamboard地球最愛藝文Google Ads播客旅遊表單更多 Google 提供的內容登入新聞headline焦點新聞for_you為你推薦star_border追蹤中search已儲存的搜尋資訊COVID-19flag台灣public國際room地方新聞business商業experiment科學與科技theaters娛樂directions_bike體育fitness_center健康語言與地區中文 (台灣)設定下載 Android 應用程式下載 iOS 應用程式提供意見說明隱私權政策 · 條款 · 關於 Google收視不高但網播量超狂的韓劇！《無法抗拒的他》一度進Netflix世界第7,而它曾是全球第5BEAUTY美人圈15 小時前bookmark_bordersharemore_vert2021下半年韓劇必追清單！全智賢、李英愛、宋慧喬、孫藝真韓劇女神回歸哈潑時尚 (台灣)7月16日bookmark_bordersharemore_vert2021八月韓劇追劇時刻表！車太鉉&Krystal《警察課程》、金宣虎&申敏兒《海岸村恰恰恰》不怕鬧劇荒哈潑時尚 (台灣)7月30日bookmark_bordersharemore_vert2021Netflix韓劇推薦》不只《機智的醫生生活》！10部大人才能看懂的催淚經典，治癒你疲憊的心風傳媒7月20日bookmark_bordersharemore_vert8月韓劇推薦Top7！金裕貞、安孝燮奇幻愛情劇《紅天機》，丁海寅《DP狗之日》強勢回歸| Bella.tw儂儂Bella儂儂3 天前bookmark_bordersharemore_vert2021Netflix韓劇推薦》10部網友最喜歡的熱門片單公開！高潮迭起的反轉劇情包你看了停不下來風傳媒7月20日bookmark_bordersharemore_vert近期話題韓劇Top10！《無法抗拒的他》第五，這部打敗《上流戰爭3》《機智醫生》奪冠！BEAUTY美人圈19 小時前bookmark_bordersharemore_vert網議最希望二搭的韓劇CP！玄彬&孫藝真、李鍾碩&韓孝周都上榜，李棟旭&劉寅娜網求三搭BEAUTY美人圈5 天前bookmark_bordersharemore_vert2021韓國業界票選「韓劇女演員選角」TOP 5排行！宋慧喬排第三，冠軍竟然是「她」ELLE 台灣7月23日bookmark_bordersharemore_vert8月韓劇！車太鉉、丁海寅都來了金宣虎秀好身材引暴動| 噓短片｜噓！星聞udn 噓！星聞昨天bookmark_bordersharemore_vert2021下半年「愛奇藝韓劇推薦片單」公開！池珍熙、柳俊烈、金高銀下半年重磅回歸BEAUTY美人圈6 天前bookmark_bordersharemore_vert影／看一集台劇就迷上 韓歐巴讚：許多韓劇都比不上Yahoo奇摩新聞3 天前bookmark_bordersharemore_vert《女神降臨》收視破2 稱霸2021全台韓劇榜！一二名都有「她」ETtoday星光雲4 天前bookmark_bordersharemore_vert2021年業界票選「韓劇男演員選角」TOP 5！「他」獲最高票，打敗宋仲基、玄彬、金秀賢ELLE 台灣7月21日bookmark_bordersharemore_vert【2021下半年必追20部韓劇】孔劉、宋慧喬、金秀賢、韓孝周、金多美重量級大咖齊回歸！Yahoo奇摩7月7日bookmark_bordersharemore_vert《機智牢房生活》小迷糊、《Voice 4》連續殺人魔都是他！「李奎炯」12部代表作＋特別出演韓劇推薦哈潑時尚 (台灣)3 天前bookmark_bordersharemore_vert徐玄振、金東旭Netflix韓劇《你是我的春天》5大看點！「驚悚懸疑＋愛情療癒」首播即迎來大反轉哈潑時尚 (台灣)7月9日bookmark_bordersharemore_vert8月開播韓劇清單！秀晶、金裕貞新劇都將開播，申敏兒&金宣虎《海岸村恰恰恰》月底首播BEAUTY美人圈昨天bookmark_bordersharemore_vert推薦十大韓劇人氣排行榜【2021年最新版】Yahoo奇摩新聞7月14日bookmark_bordersharemore_vertJTBC、MBC韓劇收視慘淡！2021下半年待播韓劇推薦，南宮珉成希望，宋仲基、孫藝珍回歸BEAUTY美人圈7月26日bookmark_bordersharemore_vert全智賢當過女團練習生？韓劇女星女團時期舊照，徐玄振好青澀、她號稱「歷代最美門面」beauty美人圈6 天前bookmark_bordersharemore_vert韓劇《羽球少年團》彩蛋！奧運金牌李龍大 首度跨刀戲劇圈Yahoo奇摩新聞16 小時前bookmark_bordersharemore_vert韓網熱議7部「tvN代表韓劇」！《請回答》是開台功臣，《鬼怪》、《愛的迫降》經典必看BEAUTY美人圈7月23日bookmark_bordersharemore_vert韓劇中被美到的短髮明星！《惡魔法官》朴珪瑛、金瑞亨又颯又美，這位是公認短髮範本BEAUTY美人圈6 天前bookmark_bordersharemore_vert2021必追韓劇！《機智醫生生活2》、《無法抗拒的他》精選6部超夯韓劇清單| 品味生活| 品味經濟日報7月23日bookmark_bordersharemore_vert居家防疫生活不怕劇荒這幾齣大勢韓劇回歸別錯過！ | 生活新聞| 生活| 聯合新聞網UDN 聯合新聞網7月16日bookmark_bordersharemore_vert東京奧運︱盤點運動題材韓劇必追熱血追夢作《舉重妖精金福珠》香港0112 小時前bookmark_bordersharemore_vert8位醫療韓劇男主角「柳演錫、李鍾碩」勤健身虐出流氓寬肩及性感鯊魚線，這種醫生哪裡找！udnSTYLE5 天前bookmark_bordersharemore_vert機醫、Voice4都有他！李奎烔歷年韓劇推薦，《機智牢房》小迷糊、《鬼怪》渣男都是經典BEAUTY美人圈3 天前bookmark_bordersharemore_vert【瘋奧運】15部有關運動韓劇推薦：李聖經舉重、朴敘俊拳擊、南柱赫游泳...一起熱血！Yahoo奇摩新聞7月29日bookmark_bordersharemore_vert「女神降臨」飆人氣 勇奪上半年度全台韓劇收視冠軍udn 噓！星聞7月16日bookmark_bordersharemore_vert徐玄振新劇被評跌落神壇！收視意外走低韓劇盤點，玄彬、孫藝珍都有小崩劇，這部更實慘BEAUTY美人圈昨天bookmark_bordersharemore_vertNetflix人氣韓劇《Sweet Home》第二季傳2022上線！宋江等原班演員將回歸，預計今年底正式開拍哈潑時尚 (台灣)7月9日bookmark_bordersharemore_vertNetflix 2021下半年原創韓劇7部 劇情+看點介紹！全智賢、孔劉、劉亞仁、丁海寅、韓韶禧 活屍驚悚、太空科幻將登場！Marie Claire 美麗佳人6 天前bookmark_bordersharemore_vert無瑕美肌都是假象，韓劇後製修圖高額費時引熱議！盤點無需濾鏡的素顏美人與她們的保養祕訣udnSTYLE7月21日bookmark_bordersharemore_vert張震加盟史上最貴韓劇 飆戲河正宇、黄晸玟雙影帝鏡週刊7月15日bookmark_bordersharemore_vert韓劇女主角半路下車？《還魂》劇組直白「演技不好」，盤點那些被換角的韓劇女演員ELLE 台灣7月9日bookmark_bordersharemore_vert7部高口碑職場韓劇推薦！《直到瘋狂》開播獲好評，《未生》、《Black Dog》超寫實必追BEAUTY美人圈7月27日bookmark_bordersharemore_vert《惡魔法官》池晟主演韓劇推薦！《被告人》獲獎無數，《Kill Me Heal Me》經典必追BEAUTY美人圈4 天前bookmark_bordersharemore_vert【影片】韓劇《VOICE 4》大結局收視破紀錄 前季大魔王驚悚客串登場Yahoo奇摩新聞5 天前bookmark_bordersharemore_vert韓網票選「最登對韓劇螢幕情侶TOP5」！迫降CP玄彬、孫藝珍落榜，冠軍是8年前經典神劇組合！Yahoo奇摩新聞7月12日bookmark_bordersharemore_vert【韓劇解析】《惡魔法官》環環相扣政治高官,一一擊潰權勢金字頂端！多多看電影8 小時前bookmark_bordersharemore_vert2021大勢小鮮肉「蔡鍾協」連演四部熱門韓劇！合作朴信惠&宋智孝，結實腹肌讓人印象深刻-娛樂新聞臺灣新浪網7月22日bookmark_bordersharemore_vert2021上半年有線台韓劇收視TOP10！百想大贏家《怪物》竟沒入榜，tvN作品霸榜前三超狂！BEAUTY美人圈7月25日bookmark_bordersharemore_vert韓劇《無法抗拒的他》19禁吻戲床戲花絮合集！宋江、韓韶禧自己看了都害羞：「這真的能播嗎？」ELLE 台灣7月13日bookmark_bordersharemore_vert2021有線台韓劇收視榜公開！tvN靠《機醫》、《文森佐》連奪前三成最大贏家，這部狗血神作連兩季登榜udnSTYLE7月14日bookmark_bordersharemore_vert韓劇定情物收起來！「我的室友是九尾狐」超甜愛心項鍊UDN 聯合新聞網7月22日bookmark_bordersharemore_vert假設人人皆可參與審判會怎樣？韓劇《惡魔法官》劇情峰迴路轉，教你怎麼用法律跟拳頭教訓權貴！GQ Taiwan7月22日bookmark_bordersharemore_vert在家防疫不怕劇荒2021不能錯過10大韓劇你看了沒？HiNet 新聞社群7月14日bookmark_bordersharemore_vert韓劇《我的室友是九尾狐》結局7大彩蛋！張基龍、惠利狂撒糖，男友柳俊烈劇外「每集監督」太甜～ELLE 台灣7月16日bookmark_bordersharemore_vert韓劇都愛用！韓國人必買4大MIT好物Yahoo奇摩新聞7月10日bookmark_bordersharemore_vert喜愛醫療劇韓劇迷別錯過 今夏必追《機智醫生生活2》Yahoo奇摩新聞7月23日bookmark_bordersharemore_vert東京奧運場上必看亮點！韓劇男主角等級的高顏值，盤點五位韓國帥哥運動員。VOGUE 時尚網3 天前bookmark_bordersharemore_vert張基龍驚爆8月入伍！《現在分手中》宋慧喬幽默為張基龍送行哈潑時尚 (台灣)7月26日bookmark_bordersharemore_vertNetflix韓劇《你是我的春天》收視飆高！《與神同行》金東旭攜手徐玄振共譜療癒浪漫故事，2021最溫暖演出| Bella.tw儂儂Bella.tw儂儂7月8日bookmark_bordersharemore_vert迫降CP沒上榜「韓劇螢幕情侶」：第1名是這對Yahoo奇摩新聞7月9日bookmark_bordersharemore_vert2021經歷換角的韓劇盤點！《蔚藍春天》學長原本不是裴仁赫，這兩部劇換角後都被大讚BEAUTY美人圈4 天前bookmark_bordersharemore_vert全智賢《智異山》萬眾期待！2021tvN下半年韓劇Top6，金高銀漫改新作《柔美的細胞小將》9月登場| Bella.tw儂儂Bella.tw儂儂7月13日bookmark_bordersharemore_vert戲裡戲外都「相信愛情」 申高恩拍出真愛年初嫁尹鍾和鏡週刊5 天前bookmark_bordersharemore_vert秀智將主演韓劇《第二個安娜》！挑戰「雷普利症候群」，化身人格障礙愛說謊的壞女孩BEAUTY美人圈7月18日bookmark_bordersharemore_vert宋智孝新劇濃妝認不出？韓劇女神濃妝／淡妝對比，宋慧喬、李智雅差異大、這位還是美翻BEAUTY美人圈7月16日bookmark_bordersharemore_vert看韓劇挑墨鏡 《我是遺物整理師》李帝勳與《大發不動產》張娜拉的選擇是它鏡週刊7月9日bookmark_bordersharemore_vert韓劇女神評價兩極造型！《屍戰朝鮮》全智賢短髮網不愛？宋智孝曾被嘲像「80年代大媽」BEAUTY美人圈7月30日bookmark_bordersharemore_vert車銀優理想型曝光 羞喊最愛2韓劇女神求合作中時新聞網 Chinatimes.com7月11日bookmark_bordersharemore_vert韓劇《宮》尹恩惠&朱智勳在街上當眾KISS的場面，這一幕隱藏的秘密時隔15年終於公開Yahoo奇摩新聞7月19日bookmark_bordersharemore_vert韓劇《直到瘋狂》中年人的職場求生記。UDN 聯合新聞網7月15日bookmark_bordersharemore_vert人設比主角更優的男二！《無法抗拒的他》網求韓素希遠離渣男，他2次被男二搶鋒頭衰爆BEAUTY美人圈3 天前bookmark_bordersharemore_vert李昇基×李熙俊主演韓劇「窺探」 入圍法國「SERIES MANIA 2021」-娛樂新聞臺灣新浪網7月12日bookmark_bordersharemore_vert韓劇魔女造型盤點！宋智孝、IU好美艷，金賽綸曾演過白髮魔女，這位魔女更是經典BEAUTY美人圈7月22日bookmark_bordersharemore_vert2021人氣韓劇小童星！《機醫》羽朱超愛撒嬌、《MOUSE》徐宇真、金康勳超搶戲！BEAUTY美人圈7月27日bookmark_bordersharemore_vert韓劇《滅亡》完結後又火速回歸！徐仁國接到了《美男堂》的新劇男主提案-娛樂新聞臺灣新浪網7月13日bookmark_bordersharemore_vert活死人世界觀！知名靈異韓劇《謗法》升級電影版《咒術屍戰》最新預告正式放送HYPEBEAST7月28日bookmark_bordersharemore_vert演員鄭素敏被選為韓劇「換魂」女主人公加入拍攝-娛樂新聞臺灣新浪網7月8日bookmark_bordersharemore_vertNetflix公布第2季業績亞太增長強勁韓劇重槌出擊孔劉扮太空人劉亞仁落《地獄》 - 20210722 - 娛樂明報新聞網7月22日bookmark_bordersharemore_vertNetflix上半年排名︱韓劇佔據亞洲榜韓國、香港冠軍都是這一部香港017月7日bookmark_bordersharemore_vert韓劇愛拍邪教題材「台灣終於也有」！四特徵害死教徒謀財還性侵ETtoday星光雲7月10日bookmark_bordersharemore_vert金正恩再打壓韓劇 禁年輕人說韓國流行語大紀元7月20日bookmark_bordersharemore_vertNETFLIX 2021下半年待播韓劇！《屍戰朝鮮：雅信傳》、劉亞仁《地獄》，每部都神劇預感BEAUTY美人圈7月23日bookmark_bordersharemore_vert看劇等3個禮拜！日韓劇東奧停播整理 最美小三保證繼續播三立新聞網7月23日bookmark_bordersharemore_vert【有片】《咒術屍戰》斥資1.7億台幣打造熱門韓劇《謗法》升級電影版！台定檔8月27日活屍大戰開打KSD 韓星網4 天前bookmark_bordersharemore_vert《Voice 4》大結局創下高收視！李荷娜X宋承憲X李奎炯發表感言：捨不得說再見TATKSD 韓星網2 天前bookmark_bordersharemore_vert最美畢業照！朴敏英IG曬學士照猶如青春女大生，美貌身材都完美的30+瘦身保養法公開udnSTYLE5 天前bookmark_bordersharemore_vert（專題）韓劇男二竄紅 裴仁赫黃寅燁人氣爆表自由娛樂7月19日bookmark_bordersharemore_vert盤點7位非人類韓劇男主「滅亡徐仁國、九尾狐張基龍、鬼怪孔劉…」練出冰塊腹肌的健身菜單與減脂飲食公開udnSTYLE7月11日bookmark_bordersharemore_vert歌手李垠尚出演韓劇「IDOL」 與金旻奎展開演技合作Yahoo奇摩新聞7月20日bookmark_bordersharemore_vert宋仲基電視劇新作女主角公開！選定《機智醫生生活》「張冬天」ETtoday星光雲4 天前bookmark_bordersharemore_vertNetflix2021韓國區Top10！《文森佐》、《我的上流世界》都上榜，前三名竟只有一部是韓劇udnSTYLE7月12日bookmark_bordersharemore_vert2021Netflix醫療劇推薦》哪一部是你的最愛？8個療癒身心的經典神作，看完負面情緒保證一掃而空風傳媒2 天前bookmark_bordersharemore_vert《三十九》主演行列不只孫藝珍、田美都！攜手「韓國音樂劇女王」金智賢共譜浪漫人生劇哈潑時尚 (台灣)2 天前bookmark_bordersharemore_vertBTS拍廣告年賺4.2億稱王《星星》金秀賢全智賢代言費冠絕韓劇界- 20210806 - 娛樂明報新聞網5 小時前bookmark_bordersharemore_vert韓劇《惡魔法官》被權力踐踏體制,讓朴珍榮引發殺機！多多看電影2 天前bookmark_bordersharemore_vert南韓切割「泡菜」譯名！考倒韓劇翻譯 Netflix、friDay：謹慎討論ETtoday星光雲7月23日bookmark_bordersharemore_vert製作組最愛他！韓網公開業界「演員選角順位」 全智賢、孫藝真、金秀賢、宋仲基竟掉出上位圈udnSTYLE7月12日bookmark_bordersharemore_vert【明星幕後】關於柳演錫的9個故事！被稱「國民壞蛋」經歷10年無名時期，遇到《請回答》一夕爆紅ELLE 台灣7月19日bookmark_bordersharemore_vert注意了！《機智醫生生活2》下半部看點：人物關係有改變&反轉KSD 韓星網1 小時前bookmark_bordersharemore_vert韓劇貴婦御用DELVAUX字母印花登場手工縫線躍上經典手袋| ET Fashion | ETtoday新聞雲ETtoday7月23日bookmark_bordersharemore_vert宋承憲《Voice 4》帥力不減！時光倒轉20年，合體 宋慧喬、孫藝珍、元斌，創造韓劇神話實在太經典！Marie Claire 美麗佳人7月11日bookmark_bordersharemore_vert《屍戰朝鮮:雅信傳》全智賢作品總盤點「千頌伊」穩坐韓劇NO1女主角、野蠻女友經典、神偷超騷、珊卓布拉克翻演她的角色！Marie Claire 美麗佳人7月30日bookmark_bordersharemore_vert他倆可能是韓劇史上最像的成人&童年角色：《遠看是蔚藍的春天》朴志訓＆徐宇真撞臉度100%！KSD 韓星網7月22日bookmark_bordersharemore_vert姜河那、李裕英《Insider》爆工作人員確診新冠肺炎 拍攝全面中斷udn 噓！星聞7月9日bookmark_bordersharemore_vert找不到結果。"
1,2021-08-06 10:13:25.316049,Yahoo新聞--韓劇,"

韓劇
首頁
信箱
新聞
股市
氣象
運動
名人娛樂
App下載
購物中心
商城
拍賣

更多影音
汽車機車
電影
字典
遊戲
旅遊
理財
房地產
時尚美妝
折扣城

電影‧明星搜尋
網頁搜尋首頁本週新片上映中即將上映預告片排行榜
情報站
                              電影新聞

                              專題報導

                              影評

                              第93屆奧斯卡

                              金馬奇幻影展

電視時刻
追劇咖
                              線上戲劇

                              線上電影玩命關頭9
                              暑假必追

瑪格羅比
詭老
比得兔兔

訂票客服中心
戲院總覽
電影時刻
電視時刻
快速訂票
電影/明星搜尋

選擇片名

請選擇片名
青春：第50屆日本全國高中棒球錦標賽
甲子園：夢想競技場
合法伴侶
雙面薇若妮卡 經典數位修復
人聲
薄荷糖
路卡的夏天
驅魔禁區
自殺突擊隊：集結
怪奇大廈
太陽出來之後
理髮師的男人 經典數位修復
破碎的瞬間
罪之聲
詭老
淘寶少年
小王子公主心
LIP X LIP享受這世界的方法
叢林奇航
極速引爆
手捲煙
群青戰記
宇宙特攻隊
厲陰宅3：是惡魔逼我的
花束般的戀愛
貝加爾湖隱居札記：在這喧囂的世界，一個人到西伯利亞森林住半年
怪物奇兵 全新世代
韓國校園恐怖怪談：點名沒到的學生
燕尾蝶：數位經典版
野蠻糾碴隊
失控的審判
黑寡婦
玩命鈔劫
死亡漩渦：奪魂鋸新遊戲
名偵探柯南：緋色的彈丸
阿依達的救援行動
一級任務
真．鮫島事件
聽見歌 再唱
永生戰
殺戮輪迴
真人快打
誰殺了大個子
警慌失措
南巫
當男人戀愛時
無名弒
愛情瞎攪禍
波麗萊多里鬼屋
揭大歡喜
花漾女子
東經北緯
刺殺小說家
複身犯
我沒有談的那場戀愛
湯姆貓與傑利鼠
角頭–浪流連
靈魂急轉彎
惡童當街 經典重映

選擇地區查詢選擇分類

請選擇分類
西片
國片
戲劇
體育
綜合
知性
日本
音樂
卡通
新聞
財經
宗教

選擇頻道查詢
查詢選擇戲院

請選擇戲院
台北信義威秀影城
台北華威天母影城
MUVIE CINEMAS台北松仁威秀
台北樂聲影城
台北in89豪華數位影城
台北新民生戲院
哈拉影城
台北美麗華大直影城
台北真善美劇院
台北京站威秀影城
梅花數位影城
喜滿客絕色影城
台北新光影城
中和環球威秀影城
林口MITSUI OUTLET PARK威秀影城
喜樂時代影城永和店
板橋大遠百威秀影城
桃園in89統領影城
桃園統領威秀影城
桃園新光影城
新竹巨城威秀影城
新竹大遠百威秀影城
頭份尚順威秀影城
台中豐原in89豪華影城
台中Tiger City威秀影城
台中新時代凱擘影城
台中大遠百威秀影城
台中新光影城
台南大遠百威秀影城
台南FOCUS威秀影城
台南南紡威秀影城
台南真善美劇院
台南新光影城
高雄大遠百威秀影城
高雄in89駁二電影院
喜滿客夢時代影城
中影屏東影城
花蓮新天堂樂園威秀影城
澎湖in89豪華影城

選擇片名選擇日期選擇場次選擇數量查詢查詢
            電影排行榜
        
台北票房榜
全美票房榜
預告片榜

                  叢林奇航
故事描述一位名叫霍頓博士（艾蜜莉布朗 飾演）發現了深藏在亞馬遜裡，有著一顆擁有治癒神力的奇幻之樹，而要取得這棵樹的神力，必須帶著一個被人類收藏的「神奇箭頭」來解開它，霍頓博士決定要深入叢林，來一探這個傳說的究竟，她找來了一個看似可靠，但其實是個只想詐騙遊客的狡猾渡輪船長—法蘭克船長（巨石強森 飾演），她雇用法蘭克載著自己與弟弟（傑克懷特霍爾 飾演）前往叢林展開這場解開神秘傳說之謎的旅程。
 
迪士尼樂園最受歡迎的人氣遊樂設施「叢林奇航」首度改編成電影，將在2020年暑假搬上大銀幕了！這趟神秘的叢林之旅，要帶著大家進入一趟最驚險刺激的旅程，過程中將會遇上許多危險恐怖的生物，以及奇異的超自然現象，新作融合《國家寶藏》般的驚險探險劇情，加上《神鬼奇航》般的冒險旅程！1
叢林奇航

2
黑寡婦

3
厲陰宅3：是惡魔逼我的

4
詭老

5
怪奇大廈

6
怪物奇兵 全新世代

7
罪之聲

8
極速引爆

9
瀧澤歌舞伎 ZERO 2020 THE MOVIE

10
花束般的戀愛
統計時間 : 2021-07-31~2021-08-01
                  叢林奇航
故事描述一位名叫霍頓博士（艾蜜莉布朗 飾演）發現了深藏在亞馬遜裡，有著一顆擁有治癒神力的奇幻之樹，而要取得這棵樹的神力，必須帶著一個被人類收藏的「神奇箭頭」來解開它，霍頓博士決定要深入叢林，來一探這個傳說的究竟，她找來了一個看似可靠，但其實是個只想詐騙遊客的狡猾渡輪船長—法蘭克船長（巨石強森 飾演），她雇用法蘭克載著自己與弟弟（傑克懷特霍爾 飾演）前往叢林展開這場解開神秘傳說之謎的旅程。
 
迪士尼樂園最受歡迎的人氣遊樂設施「叢林奇航」首度改編成電影，將在2020年暑假搬上大銀幕了！這趟神秘的叢林之旅，要帶著大家進入一趟最驚險刺激的旅程，過程中將會遇上許多危險恐怖的生物，以及奇異的超自然現象，新作融合《國家寶藏》般的驚險探險劇情，加上《神鬼奇航》般的冒險旅程！1
叢林奇航

2
詭老
3
The Green Knight
4
黑寡婦
5
Stillwater
6
怪物奇兵 全新世代

7
特種部隊：蛇眼之戰

8
玩命關頭9

9
密弒遊戲2：勝者危亡
10
The Forever Purge統計時間 : 2021-07-30~2021-08-01                    玩命關頭9
馮迪索飾演的唐老大和莉蒂與他的兒子小布萊恩，正在過著與世隔絕的平靜生活，但是他們都知道這種平靜的生活隨時隨地都會受到致命危機的威脅。這次，這個威脅將逼迫唐老大面對他過去犯下的罪孽，如果他想要拯救他最愛的人們。他的團隊將再度攜手合作，槓上他們遇過最高竿的職業刺客和飆速車手，並且阻止他摧毀全世界的邪惡計畫。這個神秘人物也正好是早就被唐老大切斷兄弟關係的親弟弟雅各（約翰希南 飾）。
 
【關於電影】
曾經執導《玩命關頭》第3集、第4集、第5集和第6集的華裔導演林詣彬回歸執導《玩命關頭9》，他讓這個電影系列成為全球大賣的超級動作鉅片。《玩命關頭9》這部全新系列電影中的動作場面橫跨全球，從倫敦到東京，從中美洲到愛丁堡，然後從位於亞塞拜然的秘密地下碉堡，一直到喬治亞共和國首都提比里斯車水馬龍、熙來攘往的街頭。這一路上，老朋友將起死回生，昔日的敵人將再度回歸，歷史將被重新改寫，而且家庭真正的意義也將受到前所未有的考驗。再度回歸參與這部電影演出的堅強卡司包括蜜雪兒羅卓奎茲、泰瑞斯吉布森、路達克里斯、喬丹娜布魯斯特、娜塔莉艾曼紐、姜成鎬，以及奧斯卡影后海倫米蘭與莎莉賽隆。曾經榮獲葛萊美獎肯定的當紅歌手和超級巨星卡蒂B在《玩命關頭9》一片中將飾演全新角色蕾莎，一個和唐老大的過去有關聯的女子，另外，雷鬼動音樂巨星歐蘇納也在這部電影中客串演出。1
玩命關頭9
2
叢林奇航
3
詭老
4
路卡的夏天
5
密弒遊戲2：勝者危亡
6
自殺突擊隊：集結
7
特種部隊：蛇眼之戰
8
寶貝老闆：家大業大
9
追憶人
10
汪汪隊立大功電影版統計時間 : 2021-08-06

看更多
        
看更多
        
看更多
        

              電影原聲帶
          

Cars3閃電再起

★收錄葛萊美獎多項肯定The Black Keys藍調搖滾樂團主唱Dan Auerbach、鄉村搖滾天王Brad Paisley等音樂巨星為電影量身訂作歌曲
★吉他小清新James Bay、新生代靈魂女歌手Andra Day、爵士巨匠Lea DeLaria翻作多首跨世代經典歌曲、賦予全新面貌
 
電影界的傳奇動畫名廠皮克斯，以1995年的《玩具總動員》系列打動全球數億人的心，並且在之後接連以《蟲蟲危機》、《怪獸電力公司》、《海底總動員》、《料理鼠王》、《天外奇蹟》等知名動畫電影，成功開拓出自己的王國。在2006年，皮克斯開發了全新系列動畫《Cars》，締造出完全車子為主角的劃時代電影作品，而2011年推出的續作《Cars 2：世界大賽》，在全球總計賣出超過170億的驚人票房，再次成功地將皮克斯推往高峰；睽違了6年，皮克斯原班人馬回歸，帶來了《Cars 3：閃電再起》。在《Cars 3：閃電再起》中，已成為世界知名超級巨星的主角閃電麥坤（Lighting McQueen），遇上了具有全新升級配備、超跑賽車等級的無敵新秀「暴風傑克森（Jackson Storm）」，為了不讓傑克森搶走風頭，焦急無比的麥坤挺而走險，沒想到竟在賽車場上發生了重大的車禍，而被迫退出比賽。喪失了一切資源的麥坤必須要從頭來過，慢慢地讓歸零的自己重新容光煥發；但一切充滿了重重阻礙，閃電麥坤是否能再次回到賽車場上馳騁？又是否能打敗全新勁敵傑克森呢？
 
《關於音樂》
《Cars 3：閃電再起》的電影原聲帶總共有8首歌曲，由The Black Keys的Dan Auerbach、鄉村搖滾天王Brad Paisley、英國吉他小清新James Bay、藍調搖滾中生代女力ZZ Ward等人，共同為電影量身訂作譜寫全新作品，與重新翻作許多經典歌曲賦予全新面貌。
 
The Black Keys的主唱Dan Auerbach在與製片會面後所為電影訂做譜寫的""Run That Race""，一首傳遞決不放棄、堅定信念的正能量歌曲，充滿著十足的爆發力，替閃電麥坤的開場營造了最佳的氣勢，也鋪陳了電影所具備了速度感張力；已經為《Cars》、《Cars 2》獻出4首作品的鄉村樂界的天王人物Brad Paisley，這次依舊獻出""Truckaroo""與""Thunder Hollow Breakdown""兩首演奏曲穿插在破壞車賽的橋段中，不僅展現了他高超的音樂功力，更替電影增添了豐富的色彩；備受迪士尼推崇的創作女歌手ZZ Ward與葛萊美鄉村藍調歌手Gary Clark Jr.合唱片尾曲""Ride""；除此之外亦收錄多首驚喜翻作：Stevie Wonder提拔葛萊美獎提名新生代靈魂女歌手Andra Day不僅在電影中配音Sweet Tea一角之外，也貢獻一首她翻唱工人皇帝Bruce Springsteen 1984年名曲""Glory Days""的全新版本；吉他小清新James Bay翻唱美國草根天王樂團Tom Petty and The Heartbreakers 1991年的""Kings Highway""，以些許Indie Rock的風格點綴，凸顯了眾賽車於狂奔時的最佳氛圍；另也收錄迪士尼墨西哥新秀Jorge Blanco將The Beatles的""Drive My Car""、爵士巨匠Lea DeLaria將靈魂樂之后Aretha Franklin的""Freeway of Love""的重新演繹版本，首首皆為電影留下了最完美的註腳，更讓其中的氣氛因旋律的渲染而達到完美之境。            你最近瀏覽的電影
        2021下半年韓劇男神回歸作！金材昱要搭鄭秀晶演「失憶症霸總」？朴敘俊新劇配韓素希？

                        2021上半年許多韓劇男神接連回歸，比如宋仲基《文森佐》和近期宋江的《無法抗拒的他》就都是話題之作，而接下來不少韓劇男神也傳出新劇消息啦！以下7位韓劇男神的回歸新作，《Crazy Love》金材昱要搭檔鄭秀晶演「失憶症霸總」？蘇志燮新劇演高帥律師，朴敘俊有望搭韓素希飾演「冷面現實男」！
                    
2021-08-05

NETFLIX八月推薦片單！《當男人戀愛時》強檔上線，韓劇《海岸村恰恰恰》浪漫開播

                        熱騰騰的NETFLIX八月片單出爐~ 相比恐怖片居多的七月，這次NETFLIX的八月片單上線不少台韓泰的浪漫影集與電影，包括2021上半年人氣國片《當男人戀愛時》、《我沒有談的那場戀愛》都將在八月上線，金宣虎＆申敏兒《海岸村恰恰恰》也要在八月底和大家見面啦！
                    
2021-08-05

不只《金秘書為何那樣》10部「霸道總裁甜寵」韓劇推薦：新劇《社內相親》引爆期待！

                        最近由朴敘俊與朴敏英「雙朴」主演的2019年電視劇《金秘書為何那樣》重新上架Netflix播出，結果立刻爆衝至台灣區觀看榜單第2名！《金秘書為何那樣》是以「霸道總裁」+「浪漫甜寵」為主軸劇情，看來觀眾都非常愛這款啊，大家都幻想能跟老闆談戀愛，但現實生活中就是遇不到這樣多金又帥氣的老闆，事實上韓國有多部電視劇都是以霸道總裁甜寵劇為主軸，喜歡的朋友們絕對不要錯過這份清單！
                    
2021-08-05

《賀先生的戀戀不忘》同居婚戀超甜！盤點8部必看「先婚後愛」陸劇、韓劇、日劇推薦

                        近期陸劇《賀先生的戀戀不忘》播出後獲得不少粉絲喜愛，「先婚後愛」同居培養感情的設定更是甜翻少女心，雖然設定老梗，但粉絲們還是很吃這種設定，以下幫大家盤點了8部「先婚後愛」的甜蜜劇集，除了陸劇還有韓劇、日劇，讓你一次看個夠。
                    
2021-07-30

【瘋奧運】15部有關運動韓劇推薦：李聖經舉重、朴敘俊拳擊、南柱赫游泳...一起熱血！

                        最近全世界專注在熱衷的同一件事無疑就是東京奧運，每個運動項目都讓大家看得熱血沸騰，也讓不少觀眾重拾對運動的關注與熱血，事實上不少韓劇作品主軸就是跟運動有關，或是主角的背景人設也是有關運動員的設定，一起來回顧這些韓劇還有電影裡主人公從事的運動你有注意到嗎？
                    
2021-07-29

《咒術屍戰》斥資1.7億台幣打造熱門韓劇《謗法》升級電影版！活死人震撼大銀幕！

                        死屍竟犯下殺人案？！熱門韓劇《謗法》電影版《咒術屍戰》即將震撼大銀幕！《咒術屍戰》由《寄生上流》發行商、《鬼怪》製作公司斥資1.7億台幣聯手打造，《屍速列車》導演延尚昊擔綱編劇，打造更浩大的活死人世界觀！
                    
2021-07-27

男二讓觀眾來疼！蔡鍾協、裴仁爀大勢爆紅，與去年爆紅代表黃寅燁、金宣虎有共通點~

                        期韓國新生代演員拼命崛起，許多新面孔也漸漸成為粉絲與劇迷們的新男神，而且重點是這些新一代男神都是因為飾演配角男二才爆紅的！人氣也跟著水漲船高，「都說男一是女主角的，但男二是觀眾的！」近期多部韓劇再度應證了這句話，從去年的金宣虎還有黃寅燁到今年的裴仁爀還有蔡鍾協，他們都有著共通點，就是專一的對女主角深情，讓不少觀眾瘋狂倒戈男二派，你也淪陷了嗎？
                    
2021-07-27

【8月韓劇清單】金宣虎《海岸村恰恰恰》&振永《警察課程》&安孝燮《紅天機》男神回歸

                        隨著要進入8月份不少上半年韓劇也接連播畢完結，像是《某一天滅亡來到我家門前》、《我的室友是九尾狐》、《遠看是蔚藍的春天》都在近期大結局，而韓劇《Penthouse3》、《機智醫生生活2》、《無法抗拒的他》都是週更一集電視劇，也都正式進入下半場劇情，全智賢主演的《屍戰朝鮮：雅信傳》特輯也在日前播出
                    
2021-07-26

【電影談心室】戀愛不能這樣談？韓劇《無法抗拒的他》：別讓自己成為渣男養成器！

                        本檔韓劇《無法抗拒的他》形成了一個奇怪現象：在韓國當地收視低迷（第三集掉到1.173%，創台內同時段最低），但是網路話題很熱（連續數週蟬聯搜尋前三），串流平台點閱也很熱（台日韓都是熱門前三）。一部分可能歸功於主演宋江、韓韶禧的顏值魅力，不過更多還是來自劇情：為什麼「劉娜比」好好一個女主，總是吸引到渣男？
                    
2021-07-16

【機智5人幫影劇推薦】曹政奭&柳演錫&鄭敬淏&金大明&田美都：歷年必看韓劇電影盤點

                        機智醫生生活2》全劇共12集週更1集，目前開播到第4集，隨著播出收視也節節高升，每集都刷新自身收視率，最新第4集更迎來全韓國10.972%首爾首都圈12.775%的高收視。
                    
2021-07-12

宋承憲《VOICE 4》肩扛男人近身搏鬥MAN爆 私下敬業模樣曝光

                        myVideo全網首播的驚悚推理韓劇《VOICE 4》殺人魔殘酷手法，以及奇幻韓劇《來魔女食堂吧》宋智孝飾演的高冷魔女，多套華麗時尚造型掀起網友討論。其中《VOICE 4》由李荷娜和宋承憲主演，最新一季延續前幾季112舉報中心「黃金時間隊」熱血辦案精神，再度出動揪出嫌疑犯，刺激劇情讓收視節節攀升。
                    
2021-07-11

【2021下半年必追20部韓劇】孔劉、宋慧喬、金秀賢、韓孝周、金多美重量級大咖齊回歸！

                        2021上半年已經正式過完，也感謝《黑道律師文森佐》、《模範計程車》、《我的流世界》、《我是遺物整理師》等精彩好劇陪伴了我們，進入2021下半年又有哪些好劇在等著我們呢？下半年韓劇同樣精彩無比，不僅劇集題材新穎，更有眾多重量級大咖演員回歸，像是孔劉、宋慧喬、金秀賢、孫藝真、全智賢、李鍾碩、韓孝周等男女神回歸，是不是超級期待呢？一起來看看2021下半年韓劇必追清單吧！
                    
2021-07-07

《你是我的春天》演員群嘴甜盛讚劇組 吃了老實藥的徐玄振急喊：「這樣我算什麼？」

                        愛情劇女王徐玄振這次攜手《與神同行》金東旭榮耀回歸！Netflix全新韓劇《你是我的春天》5號舉辦新戲記者會，徐玄振吃了老實藥直呼當初接演本劇是因為編劇太會介紹，被騙了所以決定演出？結果見到其他演員嘴甜盛讚劇組爆笑喊出：「你們這樣我算什麼啊？」
                    
2021-07-05

2021夏季韓劇8部必追！全智賢《雅信傳》戰活屍  愛情劇女王徐玄振、4大男神新作回歸

                        2021年夏季韓劇將來襲！眾所期待的《屍戰朝鮮》推出以全智賢為主角的特輯《屍戰朝鮮：雅信傳》，是女神暌違5年再度回歸主演電視劇；愛情劇女王徐玄振也讓粉絲等了3年，治癒浪漫新作《你是我的春天》即將上檔；還有淨化眼球的俊男美女CP安孝燮、金裕貞的古裝愛情劇《紅天機》。演技和收視保證的男神池晟、南宮珉、池珍熙、車太鉉都帶著新作品與觀眾見面。以下盤點8部七到九月必收清單的夏季檔韓劇！
                    
2021-06-29

看好誰？韓國10新生代演員崛起：宋江、黃寅燁、李到晛、裴仁爀，評價＆新作一次看！

                        風水輪流轉，過去不少韓劇男神有的去當兵，有的轉戰電影圈或是海外拍戲，韓國本土近期新生代大勢演員頻頻冒出頭，不僅戲約不斷，接連在許多作品出現，甚至都從配角晉升男二或是男主角之位，而這些新生代演員不管是在演技或是作品上都有正反兩極評價，不曉得各位觀眾最看好誰呢？
                    
2021-06-29

《我的室友是九尾狐》原著有床戲？！漫畫和韓劇5大差異超級比一比！

                        熱播中的韓劇《我的室友是九尾狐》，改編自Webtoon漫畫《心驚膽顫的同居》，韓劇算是很大程度還原漫畫劇情，尤其男主角張基龍，簡直就是直接從漫畫中走出的絕美九尾狐申又如，而惠利不計形象的演出，也完整呈現女主角李潭的搞笑顏藝。雖然原著中有床戲、不知道會否還原進韓劇裡？但除此之外，還是有漫畫劇情在戲劇中被刪改，以下為大家整理的劇中與漫畫的5大差異。
                    
2021-06-29

【7月7部話題韓劇開播】女神齊回歸：全智賢、徐玄振、宋智孝、Krystal新劇追起來

                        6月也開播不少新劇《Penthouse上流戰爭3》、《機智醫生生活2》、《無法抗拒的他》都是採一週一集的緩更模式開播！正式進入2021年下半年，又有哪些韓劇在等著我們呢？7月不少韓劇女神齊回歸，一起來看看新作介紹！
                    
2021-06-25

錯過可惜！2021上半年必看10部韓劇推薦：不只《文森佐》&《機醫2》這些夯劇也必追

                        在此為大家嚴選出10部不可錯過的韓劇清單，不論是收視率還是議題性或是話題性討論度都非常高的韓劇們，追劇慢的朋友們也務必把此份清單收下，有時間再慢慢開追，之後就可以來好好迎接2021下半年韓劇了！
                    
2021-06-23

宋江搭朴敏英成真！姐弟戀韓劇《氣象局的人們：社內戀愛殘酷史》開拍，尹博、Yura加盟

                        韓國大勢演員宋江戲約不斷，作品一部接著一部拍！目前與韓韶禧主演的《無法抗拒的他》也剛上線開播，立即又公布了好消息，宋江下部作品確定會與韓劇女神朴敏英合作《氣象局的人們：社內戀愛殘酷史》，是戲外相差8歲的姐弟戀的合作，同樣又是高顏值俊男美女組合，已經讓粉絲們都超級期待
                    
2021-06-21

《機智醫生生活：第2季》療癒五人幫回歸！沒想念彼此 若再拍第3季就要丟雞蛋？！

                        韓劇粉絲們最期待的《機智醫生生活：第2季》終於要播出了！劇組於10日舉行新戲記者會，導演申元浩率領療癒五人幫浩蕩出席記者會。第1季結束後其實不管線上線下都有持續保持聯絡的五人，都笑稱「並不想念對方」，導演表示新一季的故事更加溫暖且有深度，會深深感動大家。
                    
2021-06-10

不只《我的室友是九尾狐》盤點10部「人神戀韓劇」：《鬼怪》&《來自星星的你》必看

                        最近關於「人神戀」的韓劇《某一天滅亡來到我家門前》、《我的室友是九尾狐》熱播中，事實上韓國鬼神劇題材真的很多，有很多像是驅魔或是議題型鬼神劇，不過我們今日要聚焦在以「愛情」為主軸的人神戀題材
                    
2021-06-08

6月鮮肉美男追不完！居家防疫追高甜韓劇、陸劇不無聊，張基龍、宋江為少女心注入活力

                        居家防疫切忌餐餐大魚大肉，但是追劇精神糧食再多鮮肉都不嫌多！本文盤點6月好劇裡的各式鮮肉美男，就讓高甜韓劇、陸劇裡的張基龍、宋江、劉特和丁禹兮等眾男星為觀眾的少女心注入滿滿的活力吧！
                    
2021-06-06

10部必看狗血韓劇推薦！《我的上流世界》＆《上流戰爭》熱播，別讓貧窮限制了想像~

                        韓國狗血劇儼然成為了收視保證班，越灑狗血觀眾罵越兇就越紅，過去像是早期的《妻子的誘惑》、《百年遺產》都是非常經典的狗血韓劇，不過隨好幾年過去了，狗血劇題材依舊不敗，從近幾年推出的韓國狗血電視劇可以發現都有非常好的收視率還有話題討論度，而且格局也越拍越大
                    
2021-06-01

金正恩嚴格禁韓流！北韓男私售韓劇光碟遭槍決 家人被迫站第一排觀看

                        《愛的迫降》中愛看韓劇的第五中隊隊員金舟墨（劉秀彬飾）如果真有其人，怕是要倒大楣了。北韓去年12月加重國民散佈及觀看南韓影視作品的刑罰，公開處決非法販售南韓電影、戲劇和音樂的北韓男子，男子的親屬更被迫站在第一排觀看行刑。
                    
2021-05-30

6月9部韓劇來襲！新季數《上流戰爭3》&《機智醫生2》回歸，《無法抗拒的他》引爆期待

                        5月上檔了眾多充滿戀愛泡泡的韓國電視劇，像是《五月的青春》、《某一天滅亡來到我家門前》、《我的室友是九尾狐》等高顏值CP組合出演，而《我的上流世界》還有《Move To Heaven：我是遺物整理師》好口碑也持續延燒，收視排名不斷上升，可以說是讓觀眾看好看滿的月份
                    
2021-05-25

李多寅高顏值登熱搜！姐姐李侑菲演過李昇基初戀有吻戲，姐妹花韓劇收割一票男神

                        人氣男演員李昇基在韓國演藝圈一直都有著非常好的形象，是被大眾認可的「國民好感男」，而且鮮少傳出緋聞戀情，最轟動的是在2014年被最強狗仔D社《Dispatch》爆料他跟少女時代潤娥的戀情，不過兩人交往1年9個月後，因為行程繁忙聚少離多最後分手收場。
                    
2021-05-24

【潘光中專欄】中韓接力翻拍！《我親愛的小潔癖》漫畫原著／韓劇／陸劇超級比一比

                        最近網飛上架了一部《我親愛的小潔癖》，不知道大家開追了沒？這部的集數和題材都很輕薄短小，相對動輒三四十集上下、總是愛得你死我活或鬥得魚死網破的時裝陸劇來說，特別不一般，加上有新生代男神劉以豪加持，很快就連續好幾天進入台灣區熱播前十名。
                    
2021-05-23

驚悚懸疑韓劇迷必看！《VOICE4》變態殺人魔再現 《黑洞》末世求生狂砍活屍

                        今年不少驚悚懸疑韓劇大受觀眾歡迎，包括呂珍九《怪物》、李昇基《MOUSE窺探》、李瑞鎮《TIMES聲死一線》等，播出期間都盤據話題排行榜，隨著這些電視劇播畢，喜歡暗黑或動腦題材的劇迷也別擔心鬧劇荒，以下盤點了4部熱播中和即將上檔的驚悚懸疑韓劇，不同的故事題材等著你來追！
                    
2021-05-20

酷熱退散！張娜拉鄭容和攜手驅魔｜納涼靈異韓劇《大發不動產》

                        由「最強童顏」張娜拉與「韓流男神」之一的鄭容和首度合作主演的靈異喜劇《大發不動產》，開播沒幾週就已獲得不少劇迷好評，在天氣漸漸轉熱之際就已經準備好為大家驅散熱氣、納涼一下啦！
                    
2021-05-20

影評專欄┃煽情界的清流：韓劇《我是遺物整理師》骯髒世界裡所堅持著的詩意童話

                        雖說是將韓國藏污納垢處一一點名掀開，卻又是透過遺物整理、「收拾」的方式將這些悲傷的故事、骯髒的世界清理乾淨，意在言外的有種希望一切悲劇到此為止的暖心喊話功能，雙關得恰到好處。整部《我是遺物整理師》漾出了頗具詩意的童話氣息，讓即便是後來出現韓劇慣用的煽情戲碼也都還是穩住了這部韓劇的清流療癒體質。
                    
2021-05-20

宋江＋韓韶禧高顏值組合韓劇《無法抗拒的他》預告讓人好心空！6月播出4大看點整理

                        找來高顏值鮮肉宋江與「最美小三」韓韶禧搭擋演出的JTBC韓劇《無法抗拒的他》，確定將於6月9日首播，近日公佈首支預告，影片中兩位男女主角在飄落花瓣的網球場相遇，臉上掛著花一般的笑容，緩緩走向對方，充滿浪漫的心空氛圍，雖然劇還沒播出，但已經讓許多粉絲都心動的快等不及啦！
                    
2021-05-19

速懂！蔡依林也追的韓劇《如蝶翩翩》必看催淚原因

                        連蔡依林也在追的韓劇《如蝶翩翩》改編自網路同名漫畫，由宋江和朴仁煥所主演，題材融合人生、夢想、現實等元素，原著漫畫在韓國創下超高點閱率，戲劇改編更獲網友們一致好評。
                    
2021-05-13

張基龍攜手惠利共譜浪漫愛情韓劇《我的室友是九尾狐》！平凡女大生貪吃誤事，與九尾狐的心空戀愛即將開始！

                        近期韓劇以懸疑驚悚和探討社會議題的類型當道，不過還是會需要看一些小甜劇補充少女心，本月將播出的韓劇《我的室友是九尾狐》，由顏值超高的張基龍搭擋惠利演出，該劇翻拍自Webtoon人氣漫畫《心驚膽顫的同居》，由《金秘書為何那樣》編劇崔寶林和白善宇改編，導演則是曾指導《百日的郎君》南成宇導演，黃金組合讓不少劇迷期待爆表！
                    
2021-05-13

Netflix新療癒原創韓劇《 Move to Heaven：我是遺物整理師》李玉璽真情感動推薦

                        繼催淚勵志的《如蝶翩翩》之後，Netflix原創系列將為觀眾獻上年度暖心療癒職人劇《Move to Heaven：我是遺物整理師》，儘管「遺物整理師」是個大眾較為陌生的特殊職業，但台灣、韓國和日本的觀眾應該都會有不少共鳴，這次Netflix特別邀請李玉璽搶先試片
                    
2021-05-06

5月7部強檔韓劇開播！朴寶英＆徐仁國、惠利＆張基龍、李到晛＆高旻示高顏值CP已戀愛

                        2、3月許多開播劇集不少都已經播畢，或是進入收尾階段，像是《薛西弗斯的神話》、《怪物》、《月升之江》已播畢，《如蝶翩翩》、《黑道律師文森佐》這週都會播出大結局劇情，劇迷們肯定會覺得劇荒，不過別擔心，5月會有滿滿的新劇來襲，而且幾乎都是愛情元素為主軸，滿滿的高顏值CP組合，陣容劇單可以說是非常華麗
                    
2021-04-27

追了燒腦韓劇《Law school》回不去？5大看點坐看《最佳利益2》能否超越她？！

                        燒腦戲劇成為 21 世紀初最受歡迎的劇型之一，命案是一定要有，但如今早已不侷限於警察或偵探的辦案故事才能燒腦，其他職人劇也可以。韓劇《Law school》以法律學院教學現場鋪排出了一場又一場的法庭實務課以及「挑戰法律現場」的各種突發事件（甚至是校園命案），根本上所挑戰的便是當代人類「只以法律來斷定真相與正義」的慣性迷思。《Law school》的出現、其極剽悍的法律職人劇風格將烙印在觀眾心中，讓人看了以後會回不去，以後的法律職人戲種恐將都將會被拿來與《Law school》比較與審視。就連現正拍製中的台劇《最佳利益2》也難保不受到《Law school》影響。
                    
2021-04-25

驅魔劇《大發不動產》好評爆棚！10部「帶有深意＆警世感人」必看鬼神韓劇推薦

                        由張娜拉與鄭容和主演的驅魔劇《大發不動產》目前開播4集好評爆棚，收視率更微幅領先同時段的《Mouse窺探》還有《Law School》，張娜拉與鄭容和的化學效應也受到觀眾喜愛，《大發不動產》劇情主軸圍繞在驅魔，所以有不少鬼魂出現鏡頭
                    
2021-04-23

不只《TIMES 聲死一線》盤點五部讓你腦洞大開的跨時空懸疑犯罪燒腦韓劇

                        在緊張又刺激的犯罪現場，跟著主角一起推理辦案找到兇手，懸疑犯罪推理劇是許多韓劇迷最愛的類型。現在的編劇們除了要把犯罪手法寫得令人毛骨悚然，把推理邏輯編織得更加縝密之外還不夠！
                    
2021-04-08

7部姐弟戀韓劇待播！林秀晶&李到晛、宋慧喬&張基龍：韓劇女神X大勢鮮肉Pick哪對CP？

                        近期韓劇有不少作品接連公開選角，而這些新劇CP組合攤開來一看，幾乎清一色都是「姐弟戀」組合，韓媒也稱現在是「大勢姐弟戀羅曼史」，而且姐姐們都是睽違許久回歸小螢幕的韓劇女神，而弟弟們則是近期的大勢小鮮肉，新穎組合配上劇情讓不少劇迷都相當期待，現在就一起來看看有哪些姐弟戀組合還有待播新劇！
                    
2021-04-07

4月份5部韓劇來襲，每部都必看！驅魔喜劇《大發不動產》、《模範計程車》動作片連發

                        由於2、3月開播韓劇眾多，目前也都還在熱播之中，而且都正進入劇情中後階段，像是《薛西弗斯的神話》、《黑道律師文森佐》、《怪物》、《Mouse窺探》都是非常精彩時期，而狗血劇《Penthouse2》也即將在這週迎來第二季大結局，相信不少人會覺得空虛，讓我一起來看看4月份韓劇劇單，雖然開播數不多，但部部都必看啊！
                    
2021-03-30

韓劇19禁正夯！《上流戰爭》狗血極致、懸疑劇暴力殘殺 電視台破尺度有原因

                        韓國電視台近來推出越來越多19禁（限制級）戲劇，繼去年《夫婦的世界》掀起話題，刷新JTBC電視台和有線電視台戲劇節目最高收視紀錄後，今年各家電視台再度播出部分集數19禁的戲劇，包括SBS毀人三觀的狗血劇《Penthouse上流戰爭》、JTBC調查連續殺人犯的懸疑劇《怪物》、tvN改編自真實殺人事件的驚悚劇《MOUSE窺探》，挑戰劇迷重口味看劇尺度，這三部韓劇也確實都成功吸引觀眾，開出亮眼收視。
                    
2021-03-29

清明連假看什麼？8部熱播韓劇陪你過假期！《如蝶翩翩》治癒小品暖心又催淚

                        讓大家等得好苦啊的連假又來了！不想出去外面人擠人，宅在家追劇準沒錯，再加上2、3月開播韓劇爆炸多，再次為大家分類重點整理，選擇你想要的類型，爆米花、零食準備好就開追！精選多達8部熱播劇單，別要錯過這些精采好劇！
                    
2021-03-25

《買進名校》v.s《Sky Castle》3檔上流韓劇，有驚人共通點！揭露富人子女升學黑幕

                        Netflix犯罪紀錄片《買進名校：美國大學舞弊風暴》揭露了在美國真實發生的大學入學舞弊案醜聞，主謀瑞克辛格本是一名籃球教練，被解雇後改做升學顧問，之後開始擴大事業規模，用自己研發的「走側門」機制，讓富人小孩直升名校，不少政商名流富豪都是他的客戶，也因為他「保證」入學，所以富人客戶絡繹不絕
                    
2021-03-18

【潘光中專欄】白眼翻不完、嘶吼無極限！韓劇《Penthouse上流戰爭2》再創狗血劇新高度

                        把《Penthouse上流戰爭2》歸類在狗血劇好像已經不太足以形容這個故事的變態程度。（狂汗）
                    
2021-03-10

韓劇情節真實上演！盤點10部「校園暴力」韓劇，連《Sweet Home》宋江都被霸凌

                        近期韓國演藝圈不平靜，接連爆出許多演員和歌手學生時期是校園暴力加害人的爆料。其實韓國現實中，校園暴力事件是很多人的地獄日常，不少韓劇也拍出了有關校園霸凌及青少年議題，反應出這是普遍性的嚴重情況，這些韓劇的劇情不是只有在電視劇，而是發生在現實之中
                    
2021-03-05

2021 Netflix 10部韓劇片單介紹：孔劉《寂靜的大海》、全智賢《屍戰朝鮮：雅信傳》重磅來襲！

                        Netflix近日公布了高達10部將在2021年陸續開播的韓國原創劇片單！連帶也公布了演出卡司加上最新劇照釋出，讓粉絲樂翻，每部作品演員都是重量級的組合陣容，像是孔劉、裴斗娜、李政宰、劉亞仁、丁海寅、李帝勳等人登場，大咖們紛紛回歸組隊合作，劇情也相當引人入勝，快來一同欣賞最新劇照
                    
2021-02-26

【潘光中專欄】重口味硬科幻韓劇《L.U.C.A.: The Beginning》：完美的超人類是否存在？

                        「同一物種的所有個體、同一屬甚至更高級類群的所有物種，都是從一個共同祖先傳下來的。然而，即使是這樣明顯的事實也有疑點。它們既然存在於相距遙遠的不同地域，又是怎樣遷徙出去的呢？方法總是有的。」——查爾斯勞勃達爾文《物種起源》
                    
2021-02-22

《薛西弗斯的神話》好燒腦！盤點10部經典「跨時空韓劇」，高能劇情保證讓你腦洞大開

                        由朴信惠和曹承佑主演的科幻跨時空燒腦劇《薛西弗斯的神話》再度掀起一波穿越劇的風潮，其實韓國拍攝這類有關跨時空、穿越、靈魂交換的劇情行之有年，許多劇情真的都非常複雜，以下整理了多類型的燒腦韓劇給大家，像是有從古代穿越到現代、或是懸疑辦案、單純靈魂交換等題材都有，喜歡跨時空穿越劇的你絕對不要錯過這份清單
                    
2021-02-20

【雀雀劇評專欄】《驅魔麵館》混合拼貼集大成！緊抓韓國商業戲劇成功要素的黑馬韓劇

                        一度更換編劇，受到觀眾熱烈爭議的《驅魔麵館》在 2021 年一月迎來大結局，讓人又哭又笑的終章定能清洗無數觀眾心靈。本劇集結與混合了眾多戲劇經典元素，混搭拼貼出一幅專屬於韓國電視劇的風景，亮眼的收視與討論熱度，也讓該劇成為 2020 年橫跨到 2021 年的韓劇黑馬。
                    
2021-01-27

過年看什麼？10部超夯熱播韓劇推薦，來場追劇馬拉松，保證讓你看好看滿！

                        目前2021年1-2月份新開播的韓劇電視劇作品比較少，剛好又碰上2月的過年連假，剛好是能補追回許多韓劇的進度，在2020年末開播不少好劇，目前都還在熱播中或即將完結，現在就為大家整理過年的追劇清單，保證讓你看得過癮，追完這些不僅不怕錯過2020年尾好劇，還可以好好來迎接2021的新劇喔！
                    
2021-01-24

服務中心 | 隱私權(更新) | 建議 | 關於我們的廣告
  | 服務條款(更新)
  | 

  由Yahoo奇摩電影 提供
 

"
2,2021-08-06 10:13:26.153072,KSD韓星網,"
KSD 韓星網
新聞   
KPOP
明星
韓劇
綜藝
電影
畫報
專題
Beauty
生活
旅遊
話題   
韓星來港活動
韓星來台活動
有獎活動

繁中
简中圖片 星檔 已追蹤的偶像更多

今日推介《我家的熊孩子》鄭容和透露曾秀腹肌收到金鍾國邀約，缺乏寫歌素材被建議找《恢單4Men》
鄭容和講話真的很有哏（梗）XDD 敲碗上《脫掉鞋子恢單4Men》啊！！        SHINee溫流唱鐘鉉作詞的《你和我的距離》哽咽：等一下，我唱不下去了ㅠㅠ

電影《天坑》9月2日在台上映！李光洙「過度認真」讓導演後悔找他演出：「他在拍攝現場絕對不看手機」
[花絮片]《機智醫生生活2》導演為何不喊卡！曹政奭演到底、柳演錫尷尬到只...

確定了！孫藝珍&田美都&金智賢合作出演新劇《三十九》，明年上半年開播

李光洙擔任《熊孩子》特別MC！在金鍾國媽媽面前大暴走：「鍾國哥～有點像醜...

人氣討論

朴敘俊基本確定加盟《驚奇隊長2》：飾演韓裔10代英雄Amadeus Cho！
310

電影《天坑》9月2日在台上映！李光洙「過度認真」讓導演後悔找他演出：「他在拍攝現場絕對不看手機」
248

BLACKPINK Jennie有顏就是任性！變黑短髮的她驚呆網友：全靠顏值撐住
199

《機醫》天才型醫生「張冬天」申鉉彬確定出演《財閥家的小兒子》與宋仲基合作！
147

李光洙擔任《熊孩子》特別MC！在金鍾國媽媽面前大暴走：「鍾國哥～有點像醜男，這是我個人的想法」
116

【預告片】金鍾國將為MBC全新選秀節目《極限出道野生DOL》擔任MC，野外生存考驗＆喚醒本能魅力！
115

回顧池晟耀字【人生角色】，跟朴敘俊組CP的瘋狂「安耀娜」& 曾經當過《醫生耀漢》
110

[有雷]《Voice 4》最終回創下本季最高收視！大家敲碗的前魔王回歸，宋承憲第五季可望暫代李荷娜位置(EP13-14最終回)
70

最新文章 同僚演員的義氣！丁海寅&表藝珍無報酬出演李帝勳首部導演電影《Unframed》  

明星 據韓媒報導，李帝勳作為導演的出道作品《Unframed》將獲得丁海寅和表藝珍無償客串，同僚演員們之間的友情真的好暖！2021年8月6日   星期五10:00   Sani   

 
 暫時忘掉娛樂圈歐巴吧！東奧會韓國代表團裡也藏著大帥哥，全是出道級別的顏值～♥  

生活 每隔4年的奧運賽場都是萬眾矚目的焦點，這裡有激烈的實力角逐，也有養眼的帥哥美女。2021年8月6日   星期五09:30   Tracy   

 
 《請回答1988》「娃娃魚」戲外繼續圓夢，李東輝繼MSG Wannabe後將發行個人單曲  

KPOP 一直覺得柳東龍被淘汰好可惜啊！幸好歌手李東輝很成功呢！2021年8月6日   星期五09:00   草莓   

 MV

SKYLE今天以主打歌《천사의 날개를 내게줘》正式出道！成員ERIN：拍攝MV一天減磅1kg
【8月回歸懶人包】20組韓流人氣偶像solo & 團體大亂鬥！歷代級精彩的 KPOP 戰場誕生
兄弟都是大明星！Peakboy新歌MV華麗登場：朴敘俊、BTS金泰亨、崔宇植、朴炯植全員正面亮相～
DinDin：「那個年代我們都是Buzz！」圓夢與閔庚勳繼〈閑良〉再次合作單曲〈早知道就不愛了〉
韓劇主題曲給她唱都會紅！最低調的OST女王：Punch，網友：歌聲真的比臉紅、太好聽了
【有片】防彈少年團今日公開新歌《Permission to Dance》，MV裡的手語令人感動！  注意了！《機智醫生生活2》下半部看點：人物關係有改變&反轉  

明星 正在播出的大熱韓劇《機智醫生生活2》要迎來變化了！2021年8月6日   星期五08:30   Tracy   

2
 BTS防彈少年團吸金能力太強：僅2021年代言費就狂攬620億韓元！  

明星 近幾年韓娛圈哪家愛豆風頭最猛？ 當屬防彈少年團。2021年8月6日   星期五08:00   Tracy   

1
 [有片]今年最令人發毛的鬼片《薩滿》三大亮點介紹：喜愛《哭聲》與《鬼影》的你不能錯過！  

電影 由《哭聲》導演羅泓軫監製，並由泰國《鬼影》導演執導的恐怖電影《薩滿》，在韓國上映後大獲好評，8月25日也即將正式在台上映。這部電影描述位於泰國東北的一個小村落，人們深信身邊萬物皆有靈魂。以薩滿巫師 ...2021年8月5日   星期四17:41   Erin   

4

 太可愛♥《超人回來了》穿了同尺寸汗蒸服的「三姊弟」娜恩、建厚、振瑀，弟弟還露了香肩～  

綜藝 1日播出的《超人回來了》，朴柱昊帶著娜恩、建厚、振瑀到野外炭窯汗蒸房。2021年8月5日   星期四16:33   Yuan   

1
 Mnet新選秀節目《GIRL'S PLANET 999》公佈全新投票&鏡頭分配規則，期望能比《Produce 101》更公平！  

綜藝 根據《Produce 101》的經驗，Mnet在新選秀節目《GIRL'S PLANET 999》上，作了以下幾項新措施，希望能給參賽者們一個公平公正的比賽機會！2021年8月5日   星期四16:00   Sani   

 
 長大了依舊可愛！《機智醫生生活2》花絮：一聽到申PD喊Cut，「羽朱」金俊馬上露出得意的表情！  

韓劇 《機智醫生生活2》在上週停播，製作組也公開特輯，由五人幫（曹政奭、柳演錫、鄭敬淏、金大明、田美都）一起看著名場面，還有幕後花絮等。2021年8月5日   星期四14:58   Yuan   

2
 東奧韓國女排除了金軟景還有一位人氣球員金姬真！摸頭殺影片瘋傳  

生活 又一位讓粉絲瘋狂想和她結婚的女選手！2021年8月5日   星期四14:40   草莓   

5
 出道已30年！《婚詞離曲》朴柱美私下個性Man！「莎菲英這種完美太太怎麼可能存在」  

明星 第二季的《婚詞離曲》劇情將在本週完結，劇中飾演其中一位正宮莎菲英的演員朴柱美，已經出道有30年之久，也提到自己自從接拍這部作品後，對於婚姻生活也有了不同的體認。2021年8月5日   星期四14:30   Erin   

1
 金裕貞＆安孝燮主演《紅天機》首版預告公開！畫面色調超美，還搭配伯賢演唱的OST～  

韓劇 終於等到《紅天機》的預告，確定定檔8月30日播出！2021年8月5日   星期四13:04   Yuan   

12
 《月刊家》兩對CP談辦公室戀愛超緊張～今晚結局竟扯出身世祕密（EP.15）  

韓劇 今晚就要結局啦！到底會下什麼震撼彈哩？2021年8月5日   星期四11:15   草莓   

9
 《你是我的春天》超甜吻戲花絮：與金東旭熱烈討論，吻完徐玄振笑著回應：再拍一次吧！❤  

韓劇 【花絮影片】一邊金東旭主動要求坐大腿，一邊徐玄振主動要求吻戲重拍，專業討論下成功營造出浪漫的畫面，太會吻了～！！！2021年8月5日   星期四11:12   MiJimin   

10
 《學校2021》6位主演人選&角色設定公開：從金曜漢&秋英宇到新加盟的金江珉&徐熙善等！  

韓劇 KBS最新水木劇《學校2021》的主角是一群在考大學之外選擇另一條路、置身於模糊的界限的18歲年輕人，講述他們的夢想和友情、以及充滿心動的成長故事。2021年8月5日   星期四10:12   Sani   

2

1 / 1893
1 2 3 4 5 6 7 8
下一頁追蹤KSD訂閱KSD
熱門標籤

月刊家
孔劉
我的上流世界
劉在錫
尹啟相
柳演錫
機智醫生生活2
潤娥
金宣虎
TWICE
金材昱
全昭彌
曹政奭
EXO
惡魔法官
宋江
宋仲基
來魔女食堂吧
李昇基
BLACKPINK
朴敘俊
Voice 4
2PM
機智醫生生活
權相佑
張基龍
宋智孝
Super Junior
朴寶劍
金裕貞
你是我的春天
婚詞離曲2
李光洙
防彈少年團
MAMAMOO
徐玄振
我獨自生活
李敏鎬
少女時代
盼望的大海
無法抗拒的他
韓韶禧
某一天滅亡來到我家門前
宋承憲
Yuri
IU
河智苑
鄭容和
Running Man
醫生耀漢熱門文章下載KSD App

&copy 2021 KSD韓星網 版權所有 不得轉載.
關於我們
廣告查詢
免責聲明
招募寫手
 "
3,2021-08-06 10:13:26.841204,TVBS新聞--韓劇,"搜尋:韓劇 第1頁│TVBS新聞網

新聞

即時熱門社會娛樂要聞全球生活健康理財房地產Focus食尚新奇科技運動大陸氣象 精選

地球黃金線Live不漏接議題民調生態文明 專題

2020東京奧運東奧中華隊選手點將錄國外健將名人榜全國二級警戒 

大家都在搜尋
搜尋下載APP
TVBS官網
台北市
24º-27º首頁全國二級警戒東京奧運即時要聞社會全球健康娛樂生活議題理財房地產氣象更多地球黃金線大陸Live不漏接科技Focus食尚新奇運動民調生態文明 

首頁全國二級警戒東京奧運即時要聞社會全球健康娛樂生活更多議題理財房地產氣象地球黃金線大陸Live不漏接科技Focus食尚新奇運動民調生態文明 

首頁全國二級警戒東京奧運即時要聞社會全球健康娛樂生活議題理財房地產氣象地球黃金線大陸熱門Live不漏接科技Focus食尚新奇運動民調生態文明   臺北市24
º
-
27
º

首頁全國二級警戒東京奧運即時要聞社會全球健康娛樂生活議題理財房地產氣象更多地球黃金線大陸Live不漏接科技Focus食尚新奇運動民調生態文明 

首頁全國二級警戒東京奧運即時要聞社會全球健康娛樂生活更多議題理財房地產氣象地球黃金線大陸Live不漏接科技Focus食尚新奇運動民調生態文明 

首頁全國二級警戒東京奧運即時要聞社會全球健康娛樂生活議題理財房地產氣象地球黃金線大陸熱門Live不漏接科技Focus食尚新奇運動民調生態文明 
好康
即時新聞快報！　立即下載TVBS新聞APP快訊
颱風盧碧可能轉向襲台　季風氣流挾水氣防致災性降雨快訊
台股早盤跌逾70點　電子族群聚人氣快訊
鴻海25.2億元買6吋晶圓廠　旺宏早盤漲5.6%快訊
澎金馬、中南部防豪雨！彭啟明：閃電列車長達8百公里快訊
交往11年要嫁了！「空手道小清新」文姿云未婚夫曝光快訊
淚崩！在天堂帶著球球玩耍　高雄氣爆搜救犬卡拉安詳過世快訊
王瞳忍十年氣哭嫁給機器人　艾成認了「動念離婚」原因曝快訊
文姿云奪銅牌！郭台銘妻出手砸錢了　連3年低調善舉曝快訊
小S遭出征認非台獨　謝和弦酸：這樣兒子怎敢回家吃飯？快訊
仍有機會！空手道「型」男王翌達第一套排名暫居第五快訊
快訊／高雄茂林、桃源、那瑪夏區　8/6停班停課快訊
輕颱盧碧登陸有減弱趨勢　仍防西南氣流挾雨發布豪雨特報快訊
快訊／台疫情趨穩　旅新加坡抵境篩檢陰性免隔離快訊
「盧碧」登陸！若回馬奔台、週六恐海陸警齊發　西部豪雨  

首頁 搜尋結果  

搜尋:韓劇,結果共: 2110 筆
新聞

直播
議題

韓劇《羽球少年團》彩蛋！奧運金牌李龍大　首度跨刀戲劇圈16小時前2021/08/05 17:27韓劇,羽球少年團,李龍大,金牌網劇界的朴寶劍！超暖男二蔡鍾協「5個小故事」大公開1天前2021/08/04 22:58蔡鍾協,日常,分享,人生,韓國,韓劇《上流戰爭3》結局出爐！韓媒曝：驚人反轉、致命衝擊2021/08/03 15:362021/08/03 15:36韓劇,狗血劇,金順玉,上流戰爭,上流戰爭3,演員《與神》河正宇親爹逼小39歲女友墮胎　挨告鬧上法院2021/08/02 13:502021/08/02 13:50金容建,河正宇,花漾爺爺,南韓,電影,演員韓劇女王孔曉振分享正面感情觀　出道22年僅認愛這兩位2021/08/02 12:172021/08/02 12:17孔曉振,韓國,韓劇,感情,柳承范,李陣郁眼睛不敢眨！湯智鈞首戰奧運　家人緊盯2021/07/31 20:222021/07/31 20:22湯智鈞,奧運,射箭,韓國冷豔魔女破功！宋智孝突綜藝魂上身　散發「懵智」魅力2021/07/29 15:262021/07/29 15:26南韓,綜藝,宋智孝,RunningMan,來魔女食堂吧,韓劇老婆們請注意！韓劇男神理想型公開　宋江偏好「這類型」2021/07/27 23:172021/07/27 23:17理想型,男神,韓劇,演員,朴敘俊,宋江東奧帶熱運動片！　《羽球少年團》《乒乓少女大逆襲》吸睛2021/07/26 17:222021/07/26 17:22東奧,選手,桌球,日本,羽球,好手被東奧搶時段！《上流戰爭3》停播3周　大谷翔平球賽轉播減少2021/07/23 11:402021/07/23 11:40東京奧運,奧運,上流戰爭,停播「機智醫生生活2」曹政奭求吃雪蟹橋段！重現經典台詞　致敬「藍色生死戀」2021/07/19 13:052021/07/19 13:05韓劇,機智醫生生活2,復刻,致敬,經典,橋段《Voice》鬧不和？宋承憲虧李荷娜「愛追究拖進度」2021/07/17 05:502021/07/17 05:50宋承憲,李荷娜,Voice,Voice4,演員,韓劇《我的室友是九尾狐》大結局　惠利稱床戲被剪「好可惜」2021/07/16 15:262021/07/16 15:26韓國,南韓,網友,觀眾,韓劇,男友張震前進南韓拍「史上最貴韓劇」　和黄晸玟、河正宇飆戲2021/07/16 14:572021/07/16 14:57張震,河正宇,黄晸玟,柳演錫,秋瓷炫,南韓三級延長不怕劇荒！別錯過WFH宅家「追劇首選」片單2021/07/14 15:412021/07/14 15:41新冠肺炎,戲劇,韓劇,追劇,熱議徐玄振新戲髮型被嫌爆　各臉型NG髮型地雷一次看2021/07/13 21:372021/07/13 21:37髮型,造型,建議,韓劇,徐玄振,長臉全智賢《雅信傳》挑大梁　素顏復仇砍喪屍2021/07/11 11:522021/07/11 11:52電影,粉絲,觀眾,韓劇,指數,訓練姜素拉狂鏟24公斤難甩「烏龜頸」　靠3招練出優雅曲線2021/07/10 15:532021/07/10 15:53韓星,減肥,瘦身,飲食,體態,烏龜頸《她很漂亮》黃正音「不離婚」！停工一年和好企業家老公2021/07/10 12:392021/07/10 12:39黃正音,南韓,韓劇,婚姻,離婚惠利預謀「成人計畫」誘惑張基龍　滾床被警告：妳危險了2021/07/09 15:152021/07/09 15:15韓劇,張基龍,惠利,我的室友是九尾狐新戲！徐玄振譜懸疑愛情劇　宋智孝魔女料理　全智賢「屍戰」登場2021/07/05 11:262021/07/05 11:26韓劇,徐玄振,金東旭,你是我的春天,宋智孝,全智賢好想在家燒肉！　霸氣夫自製客廳燒烤排煙2021/07/04 18:102021/07/04 18:10疫情,防疫,網友,時間,新北市,公司《惡魔法官》池晟心疼老婆辛苦　卻轉身猛誇「舊愛」漂亮2021/07/04 05:152021/07/04 05:15池晟,李寶英,金玟廷,我的上流世界,惡魔法官,女星張基龍不顧九尾狐尊嚴「瘋狂撒嬌」　女友凍抹條：好可愛2021/07/03 05:002021/07/03 05:00張基龍,惠利,我的室友是九尾狐,感情,粉絲,大學「機智醫生生活」首推聯名周邊　BTS「奶油」小物掀瘋搶2021/07/02 17:082021/07/02 17:08防彈少年團,機智醫生生活,聯名,韓劇,BTS 12
3
4
5  

人氣點閱榜
1送！奧運奪金還收「兩套房」　陳雨菲家鄉3企業超霸氣2文姿云空手道摘銅　頒獎時4正妹同台網驚呼：本屆最美3鬼月穿搭禁忌！命理師示警：女性穿這件易招「色鬼上身」4全家神基因！文姿云表姊曾演「多情城市」　網敲碗求合體5小S發聲「我不是台獨！」　陸網風向秒轉：永遠支持6百萬休旅摔電梯井！車主急從後座逃命　維修費50萬起跳 
看更多

  
編輯推薦
1王瞳忍十年氣哭嫁給機器人　艾成認了「動念離婚」原因曝2交往11年要嫁了！「空手道小清新」文姿云未婚夫曝光3噴3200萬撇非台獨！小S鬆口被出征「噤聲3天」內幕4認了很痛苦！福原愛哽咽謝陸粉支持：才可以活到今天5陸官媒發聲護小S「言論稀鬆平常」　批小粉紅亂扣台獨帽6五倍券1套10張「面額」搶先曝光　提早上路全看這關鍵 
  
話題熱播榜
1郭台銘遠征歐洲催疫苗　趙少康批蔡英文：該做點什麼吧！2文姿云空手道摘銅　頒獎時4正妹同台網驚呼：本屆最美3最新疫苗登記數據出爐　「1.6萬人」變心不想打高端4文姿云東奧路坎坷　門票曾被沒收「心情洗三溫暖」終奪銅5返家班機突取消　美女買刮刮樂打發時間中2700萬6鬼月10禁忌別犯！命理師洩「護宅祕法」避邪保平安 
即時熱搜

#金牌#奧運#文姿云#吉星#英國#高端#頒獎台#小清新#羽球#嘻小瓜 
 

  
本網站使用Cookies以便為你提供更優質的使用體驗，若您點選下方""我同意""或繼續瀏覽本網站，即表示您同意我們的Cookies政策，欲瞭解更多資訊請見隱私權政策

我同意
感謝您訂閱TVBS，跟上最HOT話題，掌握新聞脈動！

AllowNo Thanks

您的意見是我們前進的動力，歡迎來信或來電反映!!!

意見反映：service@tvbs.com.tw
觀眾服務專線：02-2656-1599
公司介紹人才招募節目表主播專區企業動態更正與澄清新聞自律規範個人資料保護網站使用協定版權宣告業務服務節目版權銷售公開招標頂尖事務所 TVBS官網
TVBS新聞網                        © TVBS Media Inc. All Rights Reserved    台北市內湖區瑞光路451號 | 聯利媒體股份有限公司
"
4,2021-08-06 10:13:27.331780,ETToday新聞--韓劇,"韓劇相關新聞報導、懶人包、照片、影片、評價、爭議、負評、缺點、PTT、dcard | ETtoday新聞雲
                   　

|

手機版

|
APP
|
歷史活動
|
歷史專題 |
會員中心
|
家外媒體
                   　FB
YouTube
IG
RSS
weibo

搜尋最新
焦點
熱門
播吧

專題

精彩專題
視覺說故事 爽快看新聞
金門全記錄
料理之王2
新冠肺炎特別報導
2021ET即賞屋
小人物大故事
看更多專題

熱門活動
ETtoday一起為選手加油　天天集氣 好禮抽抽送
ᴺᴱᵂ慧眼看天下
聲林之王官方網站
全家匠土司料理王feat.飢餓..
政治社會娛樂華娛
韓流
電視
音樂
電影

旅遊生活消費
探索
3C
家電
氣象

國際美洲要聞
東南亞要聞
日韓要聞
慧眼看天下

大陸軍武
華聞
特派現場
雲視頻

財經投資理財
財經最新
頂尖企業
金融保險
股匯行情
直銷

雲論健康醫藥新聞
兩性
飲食
健康百科

檸檬體育中職直播
中職
棒球
MLB
籃球
綜合
足球

時尚名人
時尚
奢逸
潮流
美麗
生活

房產車雲寵物寵物好萌
寵物百科
動物熱搜
特惠眼霜
特惠唇筆

看電影
民調雲
法律雲
愛心雲
恩典雲
保險雲
遊戲雲
行銷雲

 ETtoday > 熱搜關鍵字 > 韓劇

韓劇
孔子也搖頭！《婚詞離曲2》渣男語錄：70歲才能不踰矩，我才40太年輕
超人氣韓劇《婚詞離曲》第一季結束後備受好評，粉絲敲碗已久終於在今年六月迎來《婚詞離曲2》新系列被網友稱為「《夫婦的世界》2.0」可謂比狗血更狗血，描述各種外遇男的渣言渣語、強詞奪理甚至是不倫戀愛關係，因而引申出許多渣男金句於網上引起熱烈迴響。
2021-07-24 10:24
今夏眼鏡從透明框、貓眼下手準沒錯！韓劇女神惠利、李寶英示範給你看
今年夏天韓劇產量超大，一部接著一部上，即使防疫時間天天在家追劇，也完全不怕沒劇看，從女主角們劇中的造型行頭可以發現時下的流行趨勢，《我的室友是九尾狐》中惠利戴上「透明框」眼鏡，模樣特別可愛；《我的上流世界》李寶英則是多次戴上「貓眼」墨鏡，襯托出上流高級感，今夏跟著這兩個元素挑選眼鏡絕不會出錯。
2021-07-18 10:15
正妹女大生瘋韓劇揪2妹進私校　老爸噴15萬學費苦笑：被排擠
雖然一開學就得要噴掉15萬，不過這個老爸還是樂透了！從軍聞社退休的前高雄分社主任前呂世民有三千金，三位姐妹花從小感情好，現在連唸書也都考進了同一所學校文藻外語大學，全部唸語文科系，讓老爸笑得合不攏嘴，不過愛看韓劇的三位姐妹花都會用簡單的韓語跟媽媽來對話，老爸只好苦笑：「被排擠了」。
2021-07-11 14:48
網票選四對最喜歡的「韓劇螢幕情侶」　最甜CP玄彬、孫藝珍竟沒上榜
韓劇中的戀愛情節總是特別印象深刻，常常會看到少女心朵朵開，很多經典作品中的螢幕情侶，就算過了多年還是讓人難忘。近日韓網就票選出四對最喜歡的「韓劇螢幕情侶」，《愛的迫降》中假戲真做的玄彬、孫藝珍CP都還排不進去，快來看看上榜的有哪幾對吧！
2021-07-04 14:23
《我是遺物整理師》感動人心　李帝勳與陳俊翔飆戲　更見AS特質與優勢
韓劇《Move to Heaven：我是遺物整理師》總共10集。故事以以原本由父子一起經營的遺物整理公司，父親死亡後將亞斯伯格症的兒子韓可魯，交付給自己的弟弟當兒子的監護人的故事，本劇用可魯的推理能力，整理出死者生前的期盼，有脈絡的傳遞給遺族。
2021-06-23 00:00
盤點《我的上流世界》超寫實金句：能成為不懂事的大人，是一種特權
近期火熱的韓劇《我的上流世界》講述上流世界勾心鬥角的狗血題材，跟上了同樣大勢的《Penthouse上流戰爭》身世之謎與外遇糾隔，由李寶英、金瑞亨主演，反轉又大快人心的復仇戰、以及華麗的細膩刻劃，在光鮮亮麗的財閥世家中每個人都懷抱著自己的秘密與謊言，為大家盤點《我的上流世界》10句令人深思的劇中金句，一語道破對於生存、婚姻、慾望的真實定義。
2021-06-22 21:26
《上流戰爭3》狗血婚紗照！　金素妍羽毛裙「挖空至臀上」辣翻
韓劇《Penthouse 上流戰爭》第三季熱播收視亮眼，女星金素妍飾演「惡女」千書真讓觀眾看得過癮，而她與頂樓主人朱丹泰（嚴基俊飾）的愛恨糾葛還沒結束，這回官方又公開了兩人的親密婚紗照，金素妍一連換上多套華麗禮服與嚴基俊相依偎，掀起粉絲驚呼：「好狗血」。
2021-06-19 14:40
韓素希、宋江情侶裝同框顏值破表！「深V美胸」搶走男神風采
韓素希（韓韶禧）與宋江主演新劇《無法抗拒的他》，於今（18日）舉辦線上發佈會，兩人合作早已受到外界矚目，此次終於同框撒糖。韓素希以精緻巴掌臉亮相，身穿深V白色洋裝展現女神氣息，宋江則是換上帥氣黑色西裝在旁，造型相較過往成熟不少，顏值破表的合體成功製造話題。
2021-06-18 17:30
金正恩不准妳叫「歐巴」　怕韓流入侵！北韓女性要稱男友「同志」
北韓（朝鮮）領導人金正恩為鞏固金氏王朝對人民的控制力道，近幾個月來幾乎天天透過官媒譴責「非社會主義」的影響，尤其針對走私或持有南韓的影劇與K-POP音樂更是嚴令懲罰，現在更有外媒取得外流的官方文件指出，金正恩不准北韓女性叫男友「歐巴」（오빠），而是應該稱呼為「同志」（동무）。
2021-06-12 16:06
《上流世界》李寶英貴婦行頭揭秘！　PRADA洞洞裝、Chloé包全到齊
由李寶英、金瑞亨出演的韓劇《我的上流世界》獲得高度關注，除了灑狗血的驚悚劇情，劇中李寶英的貴婦造型更是引發話題，不僅從頭到腳精品加持，穿著 PRADA 洞洞裝、Blumarine豹紋花卉拼接長洋裝，宛如百變服裝秀，讓觀眾看得過癮。
2021-06-10 16:40
《我是遺物整理師》金句：一樣的東西，有人看到愛，有人看到恨
近日由李帝勳、唐俊尚以及池珍熙等人領銜主演的超夯熱播韓劇《我是遺物整理師》全劇共十集已上架於影音串流平台Netflix上，劇情罕見的取材自殯葬產業透過亡者的遺物來悼念、理解逝者的一生，身為遺物整理師的責任就是要藉由各種遺物來傳達那些來不及說出口的愛與故事
2021-05-28 00:03
韓星拍戲一半突宣布下車！韓媒挖出真相：性騷工作人員慘遭換角
韓星捲入爭議遭換角時有所聞，但拍一半沒理由的「下車（指離開）」的較少見，最近韓媒便爆出有一名演員正在拍新劇，戲劇都快要播出前突然被換角，挖出真實原因竟然是性騷工作人員，雖然尚未播出，但得找替補演員全都重拍，害慘劇組！
2021-05-08 18:35
《文森佐》15個寫實戳心黑道金句：「最殘酷的煉獄是…我已經開始想念她了」
由宋仲基（飾文森佐卡薩諾）與全汝彬（飾洪車瑛）主演的韓劇《黑道律師文森佐》，開播期間幾乎佔據Netflix台灣熱播排行榜第一名，近日正式完結，迎來高收視與粉絲們的掌聲、不捨。整齣戲劇有笑有淚，也有充滿社會寫實的一面，以下就一起來回顧15個讓人難忘的「黑道金句」。
2021-05-05 22:02
《上流戰爭》雙胞胎超狂時尚照！「親密Pose連發」　網驚：絕配
韓劇《Penthouse上流戰爭》第三季即將在６月播出，熱度始終居高不下，其中飾演雙胞胎兄妹碩勳、碩景的演員金永大和韓智賢，在戲外也紅到登上南韓雜誌封面，兩人拋開兄妹包袱，不僅親密相擁擺拍，且造型前衛時尚，表現力十足，引發網友熱議：「被清雅藝高耽誤的模特兒。」

2021-04-22 20:40
宋仲基穿西裝帥氣回歸！《黑道律師文森佐》以惡止惡　伸張無賴正義
稱霸近期 Netflix 排行榜的韓劇《黑道律師文森佐》，由《太陽的後裔》、《軍艦島》的宋仲基，與《打架吧鬼神》、2PM 的成員玉澤演領銜主演。劇情講述為逃避黑手黨追殺，因此逃到韓國的黑手黨顧問文森佐，偶然結識洪車瑛律師後，兩人一同經歷了人性黑暗的邪惡
2021-04-22 16:57
《朝鮮驅魔師》嚇壞中資！　這部新韓劇「全刪」中國廣告
古裝韓劇《朝鮮驅魔師》因為出現「中國元素」被認為扭曲歷史，遭到韓國網友成功抵制下架，這起事件也讓中方投資人十分緊張。據韓媒《亞洲經濟》13日報導稱，中國製作方愛奇藝多方考量後，決定刪除新韓劇《我的室友是九尾狐》裡面中國產品置入的廣告。
2021-04-15 12:51
《上流戰爭》朱碩景仙女畫報曝光！換清純洋裝認不出　網：美翻
韓劇《Penthouse上流戰爭》第二季剛剛完結，收視更是不斷創新高，也讓劇中演員爆紅，其中飾演「朱碩景」的女星韓智賢將大小姐形象演得恰到好處，戲外她也接下了雜誌封面拍攝，跳脫劇中的惡女氣質，而是換上頗具仙氣的洋裝擺拍，讓粉絲見識到與眾不同的一面，直呼：「朱碩景脾氣好一點根本是仙女。」
2021-04-05 13:30
《上流戰爭》金素妍淡妝美翻！「戲外超大反差」氣質長裙露S曲線
韓劇《Penthouse上流戰爭》播出至第二季仍引發高度關注，其中飾演「千書真」的女星金素妍，近期拍攝的時尚畫報出爐，不同於劇中的濃妝惡女形象，以超淡妝彰顯精緻五官，搭配氣質長洋裝出鏡，果真營造出超強反差，引發網友驚呼：「淡妝也好美！」
2021-03-28 06:03
韓劇出現中國月餅　韓網友批「賣國」請願青瓦台
韓劇《朝鮮驅魔師》史上最短命電視劇，才剛播放兩集，因為被韓國觀眾投訴「歪曲歷史，遭到抵制到停止製作、連夜下架、贊助商緊急撤資，製作方、電視台紛紛道歉，最終原因竟然是劇中出現中國的月餅、皮蛋及服裝。
2021-03-27 17:49
宋慧喬離婚後首度回歸！確定演出《正在分手中》搭檔張基龍再譜姐弟戀
39歲的韓劇女神宋慧喬，前年結束不到2年的短暫婚姻之後，曾表示暫時不會接拍新作品，想休息一段時間，不過SBS電視台10日表示，演員宋慧喬、張基龍、金柱憲、崔嬉序，將出演新劇《現在正在分手中》

2021-03-24 21:05

熱門新聞
文姿云要嫁了！愛情長跑11年男友身分曝
魏如萱「刪光奧運文」挨轟　長文吐真實心聲
盧碧回馬槍！　若父親節可能掠過北台灣
719後百萬人改選莫德納、AZ都要再等
柯宇綸嘆「可惜小S選擇保護自己」　曝風波唯一解法陳建州噤聲4天「突PO醫院照」！
人夫控訴16年無性生活　妻子吐真實原因大逆轉
中日龍27歲接種疫苗後過世
小S表態非台獨　謝和弦開嗆：兒子怎敢回家吃飯？
王瞳崩潰「8點半睡有什麼夫妻生活？」盧碧超大颱風尾懸在海峽上！　鄭明典三度強調1縣市要注意
渣夫帶老婆遊花蓮　竟摸黑偷吃民宿老闆娘
南韓隊輸球不列隊　留日本隊在場上鞠躬
女童溺水狂掙扎　母顧吃便當「溺斃才驚覺」
文姿云落敗對手含淚捧臉對話　她笑了
更多

最夯影音
更多

吳宗憲邊唱歌邊亂入Sandy直播　他一看鏡頭驚訝：蛤！才1千多人喔王瞳哽咽痛訴「像跟機器人結婚！」　艾成吐實：我失去了感受，我會改

網友標戴資穎評3點「失誤太多」　她罕見說重話：站場上的不是你

經濟部證實2人註冊麟洋配決勝點 王齊麟打臉設計師：沒意願配合！

女孩拍淹水照...蟑螂在她背上爬 後方民眾目睹嚇歪：我不敢提醒她
 

熱門快報《料理之王2》火熱上映中！
每周五晚間9點鎖定《料理之王2》，王者爭霸精采上菜，請勿錯過！

中華隊加油！最強賽事全紀錄
ETtoday與你一起為選手加油！最即時！最多元！最豐富的新聞全在這裡！

即時開箱賞屋 房市一手消息！
專家實境開箱賞屋分析，帶你一探究竟北中南房市，不能錯過的最新資訊都在這！

新聞雲APP要你隨便花 
2020年尾神加碼！看新聞送購物金和咖啡，再讓你用東森幣瞄準萬元獎品！ 

滿額拿好禮！送喵喵離胺酸
寵物雲毛毛商城消費滿額送喵喵離胺酸！

台北捷運廣告刊登
ETtoday No.1的廣告代理商，精彩案例搶先看!

我要投稿
人才招募
關於我們
集團簡介
廣告刊登/合作提案
客服信箱
合作媒體

Sitemap
服務條款
隱私權政策
著作權聲明
免責聲明
RSS訂閱
東森新媒體控股股份有限公司ETtoday新聞雲 版權所有，非經授權，不許轉載本網站內容 
    © ETtoday.net All Rights Reserved. 
    電話：+886-2-5555-6366回到最上面

"
5,2021-08-06 10:13:30.984492,Google新聞-韓星,Google 新聞 - 搜尋新聞Google 帳戶搜尋地圖YouTubePlay新聞GmailMeetChat聯絡人雲端硬碟日曆翻譯相片DuoChrome文件試算表簡報圖書BloggerHangoutsKeepJamboard地球最愛藝文Google Ads播客旅遊表單更多 Google 提供的內容登入新聞headline焦點新聞for_you為你推薦star_border追蹤中search已儲存的搜尋資訊COVID-19flag台灣public國際room地方新聞business商業experiment科學與科技theaters娛樂directions_bike體育fitness_center健康語言與地區中文 (台灣)設定下載 Android 應用程式下載 iOS 應用程式提供意見說明隱私權政策 · 條款 · 關於 Google韓國文化官部門公佈近5年世界最愛韓星、影視作品排行榜！《愛的迫降》最高分，藝人蟬聯5年冠軍是「他」！Marie Claire 美麗佳人7 小時前bookmark_bordersharemore_vert2021韓星不動產豪宅順位公開！李敏鎬、李帝勳60億豪宅不是最富，這位在夏威夷置產太狂BEAUTY美人圈13 小時前bookmark_bordersharemore_vert盤點10個運動員出身的韓星！宋仲基滑冰11年以奧運為目標、蘇志燮游泳獲銅牌還曾入選國家隊ELLE 台灣6 天前bookmark_bordersharemore_vert2021 年韓國5 對明星伴侶Taiwan Tatler昨天bookmark_bordersharemore_vert篠原涼子爆熱戀小13歲韓星！否認強調：只是朋友新頭殼20 小時前bookmark_bordersharemore_vert5款韓星私下最愛球鞋！23.65「V2 老爹鞋」爆紅、Converse「Run Star Hike」出鏡率最高BEAUTY美人圈7月30日bookmark_bordersharemore_vert紗霧色系4D醫療口罩！韓星都在戴「不弄花妝容、呼吸順暢」，5款仙氣立體口罩必須包色ELLE 台灣2 天前bookmark_bordersharemore_vert韓星劉在錫接觸確診工作人員 居家隔離2週中央社即時新聞7月23日bookmark_bordersharemore_vert韓星池昌旭確診！南韓演藝圈深陷染疫風暴 感染科專家點出關鍵原因TVBS新聞7月27日bookmark_bordersharemore_vert運動員出身大勢韓星！雙宋曾為滑冰運動員、朴寶劍為游泳選手，安普賢還拿過拳擊金牌BEAUTY美人圈4 天前bookmark_bordersharemore_vert金曜漢沒去《PRODUCE》可能已出戰奧運！20個運動員出身的韓星｜今日韓國香港0117 小時前bookmark_bordersharemore_vert手袋｜韓星都愛的小眾人氣王OSOI！朴孝敏、Wendy加持親民價簡約高級感韓國品牌出一款紅一款雅虎香港新聞4 小時前bookmark_bordersharemore_vert韓星也瘋奧運！男星打歌夾帶手幅 鏡頭特寫內容超有愛udn 噓！星聞4 天前bookmark_bordersharemore_vert20歲嫩男撞臉韓星銀赫 新生代台男團被虧「高冷少年」ETtoday星光雲2 天前bookmark_bordersharemore_vert能和韓星「有進一步關係」？知名男團翻譯曝真實工作情況三立新聞網 Setn.com7月9日bookmark_bordersharemore_vert韓星看自己吻戲的反應！《機醫》他被虧親太多，《無法抗拒的他》宋江羞爆：比想像中色BEAUTY美人圈3 天前bookmark_bordersharemore_vert25歲韓星確診再+1 電視台開天窗Yahoo奇摩新聞7月22日bookmark_bordersharemore_vert韓星再傳確診！《我的室友是九尾狐》男星停工接受治療Yahoo奇摩新聞7月22日bookmark_bordersharemore_vert苦熬多年終於成主角的韓星！姜漢娜、全汝彬、高旻示演技獲好評，這位主角運卻小崩BEAUTY美人圈2 天前bookmark_bordersharemore_vert韓星遭前女友爆愛上酒店約炮！還嗆：敲詐 見網暴怒PO親筆信道歉CTWANT7月29日bookmark_bordersharemore_vert20歲稚嫩男孩撞臉韓星！激似SJ銀赫Yahoo奇摩新聞5 天前bookmark_bordersharemore_vert曾說出軌我死你也死 韓星秋瓷炫老公拉女子坐大腿鏡週刊7月15日bookmark_bordersharemore_vert長臉怎麼選髮型？韓星示範長型臉造型的3大tips，瀏海、旁分、短髮通通行！udnSTYLE1 小時前bookmark_bordersharemore_vert韓星CP結婚票選 這對不意外奪第一Yahoo奇摩新聞7月19日bookmark_bordersharemore_vert9位韓星出道前職業超特別！蘇志燮差點變國家隊&表藝珍空姐，她最扯，竟當過三星IT顧問BEAUTY美人圈7月26日bookmark_bordersharemore_vert韓星秋瓷炫模範婚姻陷危機中國演員老公于曉光深夜「攬美女坐大腿」網氣炸--上報上報7月15日bookmark_bordersharemore_vert真人比例超衝擊的韓星！金素妍曲線好到登熱搜，她號稱「最完美身材」同框金泰希仍不輸BEAUTY美人圈7月24日bookmark_bordersharemore_vert吳亦凡被爆灌酒選妃韓網罵別再扯到EXO 10個曾涉桃色風波韓星｜今日韓國香港017月20日bookmark_bordersharemore_vertP.O、惠利原來都是偶像出身！6位讓人忘記本職的韓星，每一位都是讓人爆笑的綜藝咖！BEAUTY美人圈5 天前bookmark_bordersharemore_vert經紀人恐嚇韓星拍性愛照 判刑定讞落跑將被通緝中時新聞網 Chinatimes.com7月19日bookmark_bordersharemore_vert韓星「黑白簡歷照」妝容秘技大公開！詐欺級彩妝技巧，像沒上妝卻美成仙BEAUTY美人圈6 天前bookmark_bordersharemore_vert孝道韓星榜︱GD@BIGBANG送父母10億渡假屋39歲韓劇男神登冠香港017月8日bookmark_bordersharemore_vert韓媒公布「住最貴房屋韓星」TOP 10 李敏鎬入榜榜首間屋超級豪｜今日韓國香港017月16日bookmark_bordersharemore_vert不動產富豪就是他！宋仲基年收入1000億，坐擁兩套豪宅，其中一套在夏威夷KSD 韓星網3 天前bookmark_bordersharemore_vert最令人衝擊韓星︱前AOA珉娥自殘登第三冠軍IG公開性事破壞形象香港017月12日bookmark_bordersharemore_vert【昔日花美男】韓星朴敏雨3年前遇車禍頭部重創銷聲匿跡傳已癱瘓只能眨眼- 香港經濟日報- TOPick - 健康- 健康資訊香港經濟日報 - TOPick7月14日bookmark_bordersharemore_vert洗腦神曲《踩到屎了》爆紅！韓星跟風嗨跳「魔性編舞」暗藏迷妹心思HiNet 新聞社群7月27日bookmark_bordersharemore_vert韓星進軍YouTube／金鍾國4天達百萬遭虧「破壞者」 IU被讚「影視歌管」四棲全能中時新聞網 Chinatimes.com7月26日bookmark_bordersharemore_vert伊能靜19歲囝仔小哈利以獨立歌手出道自我介紹影片靚仔過韓星香港012 天前bookmark_bordersharemore_vert男神也中鏢！ 韓星池昌旭確診 新戲劇組「全面停工」Yahoo奇摩新聞7月26日bookmark_bordersharemore_vert張員瑛、丁海寅美顏濾鏡P圖出事粉絲跪求別再用21個韓星P出禍｜今日韓國香港017月12日bookmark_bordersharemore_vert（專題）韓星Solo演藝路順遂 太妍奪14國冠軍 宣美當導師自由娛樂7月25日bookmark_bordersharemore_vert就只是愛台灣！韓星宋讚養跨海捐30萬助防疫 暖心喊：想為故鄉盡一份心意民視新聞網FTVn7月7日bookmark_bordersharemore_vert〈藝點新聞〉BTS粉絲宅家趣！讓韓星無時無刻都陪在你身邊！Yahoo奇摩新聞7月22日bookmark_bordersharemore_vert韓星撞衫︱IU 太妍爭著1300元吊帶紅裙- 20210724 - SHOWBIZ明報OL網7月24日bookmark_bordersharemore_vert【KSD評分】由韓星網讀者評分：TOP 1有變動呢！《你是我的春天》來了～KSD 韓星網6 天前bookmark_bordersharemore_vert【KSD評分】由韓星網讀者評分：這星期平均分都下滑，而《月刊家》終於來到TOP 4呢！KSD 韓星網7月24日bookmark_bordersharemore_vert韓星徐寅永確診中共病毒 演藝活動全面取消大紀元7月13日bookmark_bordersharemore_vert韓星太妍、韓智賢都愛穿的Maje前進南台灣啦！插旗高雄漢神百貨，5件女星同款服飾全搜羅Marie Claire 美麗佳人7月8日bookmark_bordersharemore_vert秀智、宋慧喬短髮都被嫌醜！韓網熱議不適合短髮韓星，《上流戰爭》朱碩京也上榜BEAUTY美人圈7月24日bookmark_bordersharemore_vert「最美小三」病倒了！難過讓出女主角 人生首部電影泡湯NOWnews 今日新聞21 小時前bookmark_bordersharemore_vert李昇基失戀了？女友疑PO分手文：我要擺脫痛苦珍惜自己NOWnews 今日新聞16 小時前bookmark_bordersharemore_vert師弟緋聞空包彈 晏柔中愈單身老媽愈開心鏡週刊昨天bookmark_bordersharemore_vert宋仲基電視劇新作女主角公開！選定《機智醫生生活》「張冬天」ETtoday星光雲4 天前bookmark_bordersharemore_vert慘遭工作人員傳染 韓星哈妮確診新冠世界日報7月19日bookmark_bordersharemore_vert韓20歲姜民洙出櫃「我是雙性戀」 坦承對不起家人：絕對不會後悔ETtoday星光雲7月14日bookmark_bordersharemore_vert「教練」金鍾國魔鬼訓練操壞宋智孝 累倒在地崩潰：天空變黃色了ETtoday星光雲7月16日bookmark_bordersharemore_vertD.O.出道9年首推個人專輯 趙寅成、金宇彬狂挺udn 噓！星聞7月27日bookmark_bordersharemore_vert多位韓星遭點名為「校園霸凌加害者」！《驅魔麵館》趙炳圭、《梨泰院》金東希，朴慧秀新劇也受牽連哈潑時尚 (台灣)3月4日bookmark_bordersharemore_vert韓星私服都穿Logo T！IU的櫻桃短T太可愛Jennie同款只要千元| ET Fashion | ETtoday新聞雲ETtoday7月5日bookmark_bordersharemore_vert韓星居家隔離竟確診新冠肺炎 網憂車銀優李昇基恐遭感染鏡週刊4月28日bookmark_bordersharemore_vert10位演「校園男神」的韓星！黃寅燁看不出30歲了，李鐘碩根本標準學生專業戶BEAUTY美人圈5月18日bookmark_bordersharemore_vert26歲韓星確診新冠肺炎隔離ing 拍檔宋江、韓素希採陰不停工｜ 蘋果新聞網｜ 蘋果日報台灣蘋果日報5月31日bookmark_bordersharemore_vert韓星搶打疫苗 Rain大曬手臂謝醫護中時新聞網6月12日bookmark_bordersharemore_vert資源好到爆的勞模韓星盤點！金永大、宋江、李到晛根本霸屏演員，潤娥存貨待播劇驚人BEAUTY美人圈6月4日bookmark_bordersharemore_vert《通往機場的路》韓星中鏢申成祿確診新冠【2021/04/28 18:13 報導】中廣新聞網4月28日bookmark_bordersharemore_vert韓星金志洙認「拍性愛片＋霸凌」！跪下道歉：沒有辯解的餘地| 娛樂新頭殼3月4日bookmark_bordersharemore_vert韓星家底排行︱BLACKPINK出兩大千金有人為追夢放棄酒店繼承權香港015月1日bookmark_bordersharemore_vert韓星拍戲一半突宣布下車！韓媒挖出真相：性騷工作人員慘遭換角ETtoday星光雲5月8日bookmark_bordersharemore_vert90年代當紅韓星！李知恩被發現家中身亡 警方建議驗屍NOWnews 今日新聞3月9日bookmark_bordersharemore_vert快訊／韓星金聖圭10日才打疫苗 今宣布確診停工Yahoo奇摩新聞6月27日bookmark_bordersharemore_vert韓網調查2020年10大最受歡迎韓星《愛的迫降》CP雙雙入榜！香港013月26日bookmark_bordersharemore_vert《二分之一強》韓星結婚了！臉書曬恩愛照曝喜訊 甜喊：我是台灣女婿了Yahoo奇摩新聞6月20日bookmark_bordersharemore_vert韓星YT頻道含金量排行榜公開！ 第1名才開半年「一支片收益170萬」ETtoday星光雲6月24日bookmark_bordersharemore_vert韓星李帝勳挑戰遺物整理師 台灣美食想到快發瘋中央社即時新聞5月17日bookmark_bordersharemore_vert南韓爆「惡霸瘋行演藝圈」！2021捲入校園霸凌爭議的十大韓星| 噓！星聞udn 噓！星聞3月4日bookmark_bordersharemore_vert戲還在播卻傳猝逝惡耗 韓星千靜荷享年52歲鏡週刊4月29日bookmark_bordersharemore_vert最有愛韓星夫婦排行榜Rain金泰希結婚四年只排第5名香港016月1日bookmark_bordersharemore_vert8位韓星手機殼盤點！車銀優手機殼反差萌，IU、孫藝珍愛用極簡風，韓素希手機殼最文青BEAUTY美人圈5月21日bookmark_bordersharemore_vert丁海寅唔認得？RM「冬菇蓋頭」成黑歷史15個韓星出道前後差很大｜今日韓國香港011月25日bookmark_bordersharemore_vert韓星排隊打疫苗！Rain搶頭香曬手臂照 韓版鄭元暢也接種NOWnews 今日新聞6月14日bookmark_bordersharemore_vert韓星名車榜︱裴勇俊擁一部車擠身10名內GD@BIGBANG竟只排第三？香港012月14日bookmark_bordersharemore_vert中國藝人「自誇」祖國連續20天無本土案例韓星露出匪夷所思神情引發討論--上報上報6月3日bookmark_bordersharemore_vert「Irene爆耍大牌辱罵」黑粉迎面撲來！20大深陷人品差爭議的韓星DailyView網路溫度計2020年10月27日bookmark_bordersharemore_vert朴敘俊加盟漫威《驚奇隊長》！進軍好萊塢7位韓星，《陰屍路》史蒂芬元國際知名度最高| Bella.tw儂儂Bella儂儂6月16日bookmark_bordersharemore_vert韓星教練不藏私傳授！躺著2招練核心，瘦腰平小腹超有感早安健康4月28日bookmark_bordersharemore_vert原來現在韓星都在瘋rosa.K的迷你托特包!泫雅、Jessica、李是英、李周延等韓妞幾乎人手一個!VOGUE 時尚網5月3日bookmark_bordersharemore_vert韓國票選「越來越有氣質的韓星」Top 8 玄彬、金秀賢都敗給他！｜今日韓國香港012020年11月11日bookmark_bordersharemore_vert快訊／韓星李知恩陳屍家中 準備驗屍確認死因Yahoo奇摩新聞3月9日bookmark_bordersharemore_vert「離婚像要了我的命！」73歲韓星尹汝貞勇奪奧斯卡 渣男前夫鬆口「外遇是我的錯」Yahoo奇摩新聞4月28日bookmark_bordersharemore_vert韓星代言魅力繼續熱燒！ Celluver香縷 X 黃寅燁、CLIO珂莉奧 X Stray Kids X 高旻示Marie Claire 美麗佳人4月7日bookmark_bordersharemore_vert韓星帶頭打疫苗！ 天王喜曝接種近況Yahoo奇摩新聞6月11日bookmark_bordersharemore_vert日韓星代言兩樣情！新垣結衣、李鍾碩遭小粉紅圍剿玄彬巧妙閃過｜ 蘋果新聞網｜ 蘋果日報台灣蘋果日報4月25日bookmark_bordersharemore_vert2021韓星IG追蹤人數排名TOP 20 IU排11、只有一個演員擠身10強｜今日韓國香港016月16日bookmark_bordersharemore_vert春風「與超大咖韓星同框」！時隔2年PO照：不知道過得好不好| ETtoday星光雲| ETtoday新聞雲ETtoday星光雲5月19日bookmark_bordersharemore_vert金秀賢到場打氣IU、李準基收粉絲心意！ 韓星應援餐車其實很便宜ETtoday4月17日bookmark_bordersharemore_vert玄彬、孫藝珍 戀情是真的？！韓星圈熱議「元旦情侶」夢幻誕生！Marie Claire 美麗佳人1月1日bookmark_bordersharemore_vert打敗宋仲基、孫藝珍！2021「韓國演員熱搜榜TOP10」出爐，冠軍讓網友全跪了...Yahoo奇摩新聞5月21日bookmark_bordersharemore_vert2021韓星古裝／時裝對比！俞利、金裕貞韓服古裝簡直美成仙，金所泫、權娜拉好可惜BEAUTY美人圈5月5日bookmark_bordersharemore_vert演技差資源卻逆天的韓星！《無法抗拒的他》宋江根本資源帝，她演技池晟、曹政奭救不了BEAUTY美人圈6月30日bookmark_bordersharemore_vert找不到結果。
6,2021-08-06 10:13:32.459023,自由時報--韓劇,"「韓劇」 - 相關新聞 - 自由時報電子報 - 自由時報電子報

為達最佳瀏覽效果，建議使用 Chrome、Firefox 或 Microsoft Edge 的瀏覽器。請至Edge官網下載
請至FireFox官網下載
請至Google官網下載 

即時
熱門
政治
社會
生活
健康
國際
地方
蒐奇
影音
財經
娛樂
汽車
時尚
體育
3 C
評論
玩咖
食譜
地產
專區
TAIPEI TIMES
求職爆

Search
自由電子報

自由影音即時
熱門
政治
社會
生活
國際
地方
蒐奇財經
娛樂
汽車
時尚
體育
3 C
評論
玩咖
食譜
健康
地產

專區
服務
自由電子報APP
自由電子報粉絲團
自由電子報Line
熱門新訊
首頁　>　關鍵字　>　韓劇

「韓劇」相關新聞
娛樂
2021/08/05 11:18
暴瘦到42公斤…女星感冒變罕病 「等肝1年」奇蹟出現湧祝福
南韓32歲女星尹珠曾出演電影《犯罪都市》、《陷阱》、韓劇《Kill Me Heal Me》等，然而演藝事業才剛起步的她，卻在去年爆出罹患罕病「急性肝衰竭」，更一度暴瘦到42公斤，所幸尹珠1年後終於等到...娛樂
2021/08/04 14:34
過勞健康亮紅燈！「最美小三」韓韶禧與朱智勛新片急喊卡
南韓26歲女星韓韶禧以夯劇《夫婦的世界》小三一角走紅，首次擔綱女主角的韓劇《無法抗拒的他》更是話題連連，事業一帆風順的韓韶禧，近期一舉接下新劇《Nemesis》和電影《Gentlemen》拍攝工作，然...娛樂
2021/08/01 17:14
金宣虎化身衝浪王子！緊身衣洩真實體格網喊「寬肩有罪」
韓國35歲男星金宣虎演出韓劇《Start-Up：我的新創時代》後人氣激升，在百想藝術大賞以壓倒性票數獲得人氣獎，與女星申敏兒合作的新劇《海岸村恰恰恰》近日釋出劇照，金宣虎穿著緊身潛水衣的照片成為熱門話...娛樂
2021/08/01 13:54
《上流戰爭3》朴殷碩神扯復活！尹鐘焄創醫學奇蹟被封「人間救世主」
韓劇《Penthouse上流戰爭》第三季遇上東京奧運賽事停播1週後，已於前晚復播，而最新一集中，於上季遭嚴基俊近距離炸傷的朴殷碩成功復活，引發韓網熱議，靠著劇中重回醫師身分的尹鐘焄超強醫術，再創醫學奇...生活
2021/07/30 19:00
《無法抗拒的他》腳踏車暖男vs.瑪莎拉蒂渣男 韓韶禧搞失蹤逼宋江追愛！
...生活
2021/07/30 17:30
「要來我家看蝴蝶嗎？」《無法抗拒的他》渣男語錄大公開 女孩們別暈了！
...娛樂
2021/07/30 17:24
神劇《信號》第二季有譜？ 編劇金銀姬時隔5年鬆口「有強烈野心」
有著「南韓懸疑劇大師」之稱的編劇金銀姬近期《屍戰朝鮮》系列劇集獲得極高人氣，近日上線的《雅信傳》更開出紅盤，而昨（29日）金銀姬在接受韓媒採訪時，鬆口認了另一神劇《信號Signal》第二季可能性，正面...娛樂
2021/07/29 16:24
曹承佑登《劉Quiz》淚灑攝影棚！ 追憶「15年摯愛」網友全看哭
南韓41歲實力派演員曹承佑主演過多部知名韓劇《薛西弗斯的神話》、《馬醫》，更在2018年以韓劇《秘密森林》獲得《百想藝術大賞》視帝，鮮少出演綜藝節目的他，昨（28日）睽違16年登上韓綜《劉QUIZ O...娛樂
2021/07/27 16:45
趙炳圭霸凌醜聞反轉！ 爆料者「承認造假」經紀公司：將採取強硬行動
南韓24歲男星趙炳圭以韓劇《驅魔麵館》爆紅，2月被網友爆料在紐西蘭留學期間曾言語霸凌同學，並炫耀吸大麻和性經驗，身陷醜聞重創形象，而今（27日）案件有了大反轉，所屬經紀公司HB娛樂發聲明表示：「爆料者...娛樂
2021/07/26 15:25
《無法抗拒》男星「渣男真面目」遭起底！ 前女友怒控：隱匿確診和小三約會
由新生代男神宋江和「最美小三」韓韶禧主演韓劇《無法抗拒的他》講述女主角遇上「渣男」男主角的故事，而近日有韓國網友在論壇上爆料，演出暖男角色「南圭賢」的男星金敏貴才是真正的渣男，不僅劈腿、一夜情、辱罵前...娛樂
2021/07/25 17:19
（影音）和李光洙是對手？趙寅成自爆兩人「關係敏感」
韓國39歲演員趙寅成身材高挑，有187公分，曾主演《沒關係，是愛情啊》、《霜花店：朕的男人》等知名影劇，近日他上網路節目，自爆和好友李光洙「關係敏感」，理由曝光笑翻網友。趙寅成日前上男星樸孝俊的You...娛樂
2021/07/20 17:40
宋慧喬《正在分手中》40歲同劇女星爆確診！ 電視台SBS回應了
南韓40歲女星尹晶喜曾演出經典韓劇《老天爺啊！給我愛》，目前正參與宋慧喬新戲《現在正在分手中》演出，然而今（20日）上午在同門女星EXID哈妮爆出確診消息後，尹晶喜下午也收到確診通報，電視台SBS則對...娛樂
2021/07/20 16:03
《梨泰院》安普賢遭踢爆「訂閱爭議頻道」  緊急滅火被批：推卸責任
韓國33歲男星安普賢飾演韓劇《梨泰院Class》反派角色走紅，平時喜愛健身、旅遊的他，開設了個人Youtube頻道與網友分享生活，不料近日頻道卻被踢爆訂閱了爭議頻道「PPKKa」和「金龍浩演藝部長」，...娛樂
2021/07/18 20:32
Red Velvet Yeri戀上同劇男星？大膽熊抱遭疑「假戲真做」
韓國女團Red Velvet老么Yeri轉戰戲劇圈，搭擋男團Pentagon成員洪碩主演網路電視劇《Blue Birthday》，近期上隊友Wendy主持的電臺節目《Young Street》宣傳，兩...娛樂
2021/07/18 18:11
「世界第一美」解放胸前春光 惹火「中空襯衫」售價驚人
南韓29歲女星NANA（林珍兒）精緻五官曾2度獲得「全球百大美女」冠軍，更擁有109公分逆天大長腿，NANA近日在個人IG曬出的「中空襯衫」辣照引發關注，片中大秀明顯鎖骨線條及迷人腰線，全身性感衣著隨...

《〈123〉》  2021年8月6日‧星期五‧辛丑年六月廿八日
熱門新聞
51萬5623人8/11可打莫德納 接種順序、時程、線上預約方式一次看
紓困再加碼！投保薪資2.4萬元以上 勞工有條件領1萬元
東奧》台灣空手道「型男」王翌達登場 台灣隊6日出賽時間看這裡
東奧前線》4名裁判都判對手贏 文姿云：這就是空手道 我接受！
看戴資穎對決陳雨菲 德國大報：也能反映兩岸不同國情
熱門新訊
中路超高CP值 買方熱門置產標的

大南方計劃成形 科技菁英湧入86特區

和泰產險榮獲保險信望愛獎11項殊榮

小巨蛋靜巷公園豪宅 筑丰敦匯低調熱銷
熱門關鍵字

即時
熱門
政治
社會
生活
國際
地方
蒐奇
影音
財經
娛樂
汽車
時尚
體育
3C
評論
玩咖
食譜
健康
地產
專區
TAIPEI TIMES

．廣告
．熱門新訊
．發票
．樂透
．徵才
．RSS
．關於我們
．聯絡我們
．著作權聲明
．隱私權政策　
．訂報
．投稿．聯邦文教基金會
．林榮三文學獎
．聯邦銀行
．瓏山林台北中和飯店
．瓏山林蘇澳冷熱泉度假飯店
．自由廣場會議中心
．yes123求職網自由時報版權所有不得轉載© 2021 The Liberty Times. All Rights Reserved.此網頁已閒置超過5分鐘，請點擊透明黑底或右下角 Ｘ 鈕。

熱門推播
自由追新聞》台灣隊不是喊爽的！奧運正名國內角力戰先開打 盧碧颱風不排除「回馬槍」再襲台 近3日須留意致災性降雨 足球》揮別21年老東家  梅西確定離開巴塞隆納 日職》慟！上個月練習突然倒地昏迷  27歲中日龍右投過世 「800公里閃電列車」壓境 彭啟明：先守好這兩天雨勢 「全球最性感運動員」東奧之旅沒上場  網酸：來選美的？ LTN經濟通》洪水沖垮鄭州  災損難計撼動北京 健康網》北農解答紅蛋、白蛋誰營養？  加碼分享「雞蛋挑選保鮮術」 空手道「型男」王翌達初戰奧運殿堂 今日賽事預告與轉播 英國台灣女婿手繪〈台北地圖〉 台式美學紅到歐洲 

"
7,2021-08-06 10:13:32.974341,聯合新聞--韓劇,"
 韓劇 | 搜尋標籤 | 聯合新聞網 
 

聯合報數位版
願景工程
有設計
售票網
有行旅
我的新聞
即時
要聞
娛樂
奧運
運動
全球
社會
地方
產經
股市
房市
生活
健康
橘世代
文教
評論
兩岸
數位
旅遊
Oops
閱讀
雜誌
500輯
轉角國際
NBA
時尚
汽車
棒球
遊戲
鳴人堂
專題
U值
網誌
購物
全產品速覽新聞評論
聯合新聞網
願景工程
聯合報數位版
轉角國際
鳴人堂
倡議家
時事話題
世界日報服務
會員中心
U利點數
我的新聞
歷史新聞
活動專區
udn粉絲團
udn line 好友股市理財
經濟日報網
房地產
基金
中經社
樂透
發票生活娛樂
噓！星聞
優人物
udnSTYLE
500輯
遊戲角落
發燒車訊
元氣網
橘世代運動
NBA 台灣
野球夢田
運動筆記
健行筆記閱讀創作
讀書吧
讀創故事
udn部落格
u 值媒體
聯合文學
聯經出版
聯文雜誌文創購物
數位文創
IP 授權
瘋活動
售票網
買東西
報時光更多產品
聯合知識庫
聯合電子報
聯合影音網
聯合學苑
有行旅
APP行動網
P
訂閱

刊登廣告
FAQ·客服
新聞授權
服務條款·著作權·隱私權聲明
聯合報系
訂報紙
關於我們
網站總覽


              聯合線上公司 著作權所有 ©2020
            我的頻道 

* 拖拉選單自訂排序儲存恢復預設
確定設定加入橘世代VIP富活人生下半場。即時
要聞

快訊
		  

10顆水餃=1個便當！12款水餃熱量排行曝光
10:02

奧運選手奪牌提升運動風氣？體保生吐苦水：盼不再被歧視
09:47

韓劇

《紅天機》首波預告來了！金裕貞化身絕美女畫師、安孝燮再披古裝造型帥翻　攜手共譜愛情史詩

SBS去年正式宣布將開拍改編自《擁抱太陽的月亮》、《成均館緋聞》作家廷銀闕的同名小說《紅天機》，在經歷八個月的長期拍攝之後，原定將在8月23日開播，因東京奧運而往後延一個禮拜，目前官方已釋出首波預告...

udnSTYLE
2021-08-05 13:48:33池珍熙爽扮主播驚覺被騙 「1的悲劇」淋雨還受傷

池珍熙今年新作不斷，演完遺物整理師和退休特務之後再改行當主播，沒想到卻是一場騙局笑翻眾人？「貴婦專業戶」尹世雅相隔十多年與池珍熙再扮夫妻，笑稱上了年紀的男神魅力與過往大不相同。「The Road：1...

噓！星聞
2021-08-04 19:01:03被嫌演得像木頭  女星隔9年增胖10kg翻身

曾在韓片「寄生上流」中演出宋康昊糟糠妻「忠淑」角色，45歲韓女星張慧珍在韓劇「女神降臨」中扮演女主角的媽媽，精湛演技再度受到關注，但實際上，年輕時星運超不順的她，因無令人驚艷外表，演技平平還曾被嫌演...

噓！星聞
2021-08-02 21:52:0376歲老爸談戀愛鬧出人命 河正宇又當哥...本人回應了

韓國知名演員金容建爆出風流債，76歲的他有個小39歲的女友，疑似以無力照顧為由，強迫女方墮胎。女友不願拿掉孩子，因此一狀告上法院，讓這段父女戀意外曝光。金容建是韓劇中的熟面孔，專門演出會長、爸爸或爺...

噓！星聞
2021-08-02 18:21:01河正宇爸播種小39歲女友！遭控強制墮胎未遂

知名韓國演員金容建今天被爆涉嫌迫使小他39歲的女友墮胎，理由是自認76歲的自己無法照顧孩子到最後，差距極大的父女戀令網友大為震驚。金容建是河正宇的爸爸，個性幽默浪漫多情，曾參與實境節目「花漾爺爺」，...

噓！星聞
2021-08-02 12:21:03《無法抗拒的他》韓韶禧減齡穿搭靠這3招！大學Tee「落肩」款式最青春，挑對色系Uniqlo也能穿成像18歲

Netflix 熱播韓劇《無法抗拒的他》韓韶禧與宋江的浪漫畫面，真的撩到大家心癢癢！在裡頭的穿搭風格，韓韶禧有別於在《夫婦的世界》裡成熟帶點性感的女性形象，飾演研究生的她以清純的穿搭方式現身，儂編也...

udnSTYLE
2021-08-02 11:00:00戲裡血海深仇 「皇后」女星嫁男二成「最珍貴的人」

曾在韓劇「皇后的品格」中飾演懷龍種遭害溺斃皇后，女星申高恩因而成名，2019年挑梁主演「相信愛情」，戲裡她與「姐夫」愛得濃烈，因一場車禍，恨透姐夫的弟弟（尹鍾和飾演），雙方血海深仇，沒想到戲外申高恩...

噓！星聞
2021-08-01 19:08:02「VOICE 4」結局彩蛋太驚悚！大魔王無預警回歸網嚇瘋

宋承憲主演的韓劇「VOICE」第4季在奧運期間播出大結局，衝出韓國全國收視4.4%的好成績。宋承憲交出亮眼成績單，自認像是「轉學生」的他感謝劇組照顧，感性致謝：「我現在已經不是轉學生了，而是像老同學...

噓！星聞
2021-08-01 16:37:038位醫療韓劇男主角「柳演錫、李鍾碩」勤健身虐出流氓寬肩及性感鯊魚線，這種醫生哪裡找！

這些經典醫療韓劇你一定看過！醫療劇一直以來都是深受觀眾喜愛的題材，從探討生命意義的《醫生耀漢》，到敘述醫院裡平凡日常的療癒韓劇《機智醫生生活》，每一部都有超高討論度，連帶劇中的演員們也成為焦點。以下...

udnSTYLE
2021-08-01 16:00:00《機智醫生生活2》鄭敬淏爆紅！少女時代秀英男友情牽9年，爆肥瘦身展開全新人生

熱播中的《機智醫生生活2》討論度持續走高，飾演醫術高超的胸腔外科科長「金雋婠」，個性挑剔卻時常搞笑，廣受影迷喜愛，但大家知道現實中的他童年時期曾經是個圓潤小胖子嗎？感情世界與少女時代秀英愛情長跑9年...

udnSTYLE
2021-08-01 11:00:00何時開始住處成衡量人的價值標準？《月刊家》看盡韓國成家酸甜苦辣

什麼時候開始，「住處」成為了衡量一個人的價值標準？在韓國，不管是買房或是租房都有很大的不同。以買房來說，台灣對於首購族或是和銀行有良好往來的客戶，可以給6-8成的金額作為買房的貸款，可是在韓國，尤其...

噓！星聞
2021-07-31 10:00:00何時開始住處成衡量人的價值標準？《月刊家》看盡韓國成家酸甜苦辣

什麼時候開始，「住處」成為了衡量一個人的價值標準？在韓國，不管是買房或是租房都有很大的不同。以買房來說，台灣對於首購族或是和銀行有良好往來的客戶，可以給6-8成的金額作為買房的貸款，可是在韓國，尤其...

udnSTYLE
2021-07-31 10:00:00黑人扮警爆紅 曝膚色受限「曾在試鏡被嫌胸部太小」

農曆鬼月將至，myVideo應景神秘氛圍推出「BBC懸疑驚悚影集片單」，其中「兩極警探」由英國女星塔拉戈維亞和英國奧斯卡視帝傑森沃特金斯主演，戈維亞因該劇打開知名度，她坦言：「能在劇中擔任領頭羊的角...

噓！星聞
2021-07-29 19:21:01李帝勳升格當老闆戴千元平價表「趴趴走」 清爽夏季穿搭造型有著男友既視感

韓國男神李帝勳在今年憑著催淚韓劇《我是遺物整理師》以及《模範計程車》的演出，成為爆紅男星。然而這不過是李帝勳出道以來，一部分作品，還曾拿下多項新人獎和男子最優秀演技賞，實力派演技無庸置疑，更成為票房...

udnSTYLE
2021-07-28 14:51:00宋慧喬根本內建時光機！長腿、麻花辮少女感近照   就是17年前《浪漫滿屋》的智恩

近日正和張基龍拍攝《現在分手中》的宋慧喬，在IG曬出兩人的背影照片，花絮照看起來也有甜蜜感，毫不違和的姐弟戀也顯見宋慧喬的凍齡美顏，她最近出席韓國首爾Galleria FENDI快閃店，以驚人的少女...

udnSTYLE
2021-07-27 12:35:48韓國男神親洩「事後床照」慵懶居家造型曝光 網：「請讓我在床上照顧你」

韓國男神金宇彬在2017年罹患鼻咽癌，經過2年的抗癌治療後，已經恢復健康。並在去年開設instagram帳號，時常分享生活和工作的點滴，讓粉絲能一窺金宇彬的私下模樣。而近期，他曝光了代言床墊廣告的幕...

udnSTYLE
2021-07-26 11:23:27「上流世界」李寶英、「我的室友是九尾狐」惠利都戴它！夏季韓劇女主角指定「美顏系」墨鏡Top 5

夏天是墨鏡的季節！除了遮陽外，外出時戴上一副厲害的墨鏡更是替整體造型加分。墨鏡的款式百百種，有顯小臉的大框墨鏡、圓形、長型、甚至是貓眼型，不同款式呈現出不同的風格。挑選墨鏡時必須考量到臉型的修飾度、...

udnSTYLE
2021-07-25 16:00:00宋智孝「來魔女食堂吧」形象大轉變    演出史上最美艷巫婆  高冷氣場讓影迷大呼過癮

在長青真人實境秀「Running Man」擔任固定班底的韓女星宋智孝，一改她給人「懵智孝」的傻大姐形象，接演黑暗奇幻新劇「來魔女食堂吧」，美豔造型受到熱議。劇情講述由宋智孝擔任主廚與老闆的「魔女食堂...

udnSTYLE
2021-07-25 14:53:08《無法抗拒的他》最美小三變純情大學生！取經大學TEE、西裝外套、碎花洋裝…包辦四季的日常穿搭

在韓劇《夫婦的世界》飾演破壞正宮家庭的小三而走紅的韓韶禧，在Netflix最新播出的韓劇《無法抗拒的他》再掀起戲迷熱烈討論，最美小三搖身一變成為純情大學生，因為前任劈腿導致不願相信愛情，卻意外受到男...

udnSTYLE
2021-07-25 12:00:00《機醫2》韓式炸雞、咖啡好銷魂！五人幫99s「同款美食零嘴」無雷盤點　台灣也吃得到

療癒感人系韓劇《機智醫生生活》第二季開播至今每週刷新自身最高收視率，台灣粉絲也可透過Netflix同步收看，可謂2021下半年最夯電視劇。可惜受韓國首都圈疫情影響，《機醫2》下週（7/29）將停播一...

udnSTYLE
2021-07-24 15:38:26
 熱門新聞 

振興五倍券一套10張 將新增1,000元面額

 

中央公布五倍券怎麼拿 侯友宜：一宣布新北就加碼

 

打疫苗盜刷健保卡獲利6000萬 嘉義某診所醫師訊後聲押

 

「為何不迎郭婞淳」幻象戰機迎東奧選手惹議 軍方說難言之隱

 

空手道精靈文姿云洋裝側踢照曝光 網友狂喊：踢我拜託猜你喜歡 訂閱

 

刊登廣告
FAQ·客服
新聞授權
服務條款·著作權·隱私權聲明
聯合報系
訂報紙
關於我們
網站總覽


          聯合線上公司 著作權所有 ©2020
        
 "
